House_ID,Size_SqFt,Bedrooms,Bathrooms,Location_Score,Age_Years,Garage_Spaces,Price
HS0001,2809,4,3,9.6,40,2,781700.0
HS0002,1730,2,1,5.5,36,1,480600.0
HS0003,1649,3,3,3.1,72,1,411000.0
HS0004,2369,2,2,8.1,15,1,646100.0
HS0005,3229,4,4,2.0,47,2,654800.0
HS0006,3711,6,6.5,9.9,38,3,1006000.0
HS0007,3622,5,5,1.7,0,2,808500.0
HS0008,2223,4,4.5,7.0,23,2,622300.0
HS0009,4276,4,4,4.4,46,2,903100.0
HS0010,2788,6,5,5.6,64,2,696600.0
HS0011,2116,4,4,7.3,63,2,609500.0
HS0012,2845,5,5.5,3.7,26,2,678600.0
HS0013,1315,3,2.5,5.2,4,1,468600.0
HS0014,1200,2,2,3.4,55,1,323100.0
HS0015,3690,6,5.5,7.2,58,2,871300.0
HS0016,4389,6,5,7.3,57,1,998500.0
HS0017,1889,2,1.5,3.0,8,1,456500.0
HS0018,4437,6,6,8.8,76,2,1088800.0
HS0019,4444,4,3,6.1,70,3,950400.0
HS0020,1308,4,4,1.7,10,1,384700.0
HS0021,4254,4,4,6.4,54,1,927300.0
HS0022,2129,3,3.5,1.3,48,2,497800.0
HS0023,2642,6,5,5.9,50,2,693800.0
HS0024,3090,4,4,9.5,55,2,803300.0
HS0025,1541,4,4.5,2.0,75,1,385100.0
HS0026,1199,2,2,5.6,63,0,350100.0
HS0027,2179,4,4.5,7.3,41,2,646300.0
HS0028,1002,1,1,2.9,28,0,270000.0
HS0029,4437,6,6,9.1,24,2,1100700.0
HS0030,3101,5,5,7.3,24,3,836800.0
HS0031,1170,2,2.5,3.4,56,0,320500.0
HS0032,4087,4,3,7.2,6,2,956000.0
HS0033,1756,2,2.5,6.8,79,0,460100.0
HS0034,1896,2,1,9.7,78,0,571900.0
HS0035,1326,4,3,6.3,18,1,515900.0
HS0036,3089,6,6,2.0,6,2,744900.0
HS0037,3140,6,5,5.0,10,1,795600.0
HS0038,1258,3,2,4.6,67,1,329800.0
HS0039,2273,3,3.5,3.7,72,2,525600.0
HS0040,4189,4,3,2.7,23,1,857700.0
HS0041,3580,5,4,6.0,6,2,867600.0
HS0042,4423,6,6.5,1.7,32,2,955300.0
HS0043,1848,4,4,7.5,78,1,563900.0
HS0044,2162,4,4,4.5,4,3,613700.0
HS0045,1530,4,4,7.0,75,1,500600.0
HS0046,2868,6,5.5,9.1,34,3,841200.0
HS0047,3897,6,6.5,8.8,50,2,1000400.0
HS0048,1862,4,4.5,5.0,14,1,576800.0
HS0049,3287,4,3.5,2.9,77,2,706100.0
HS0050,1069,2,2,2.1,9,1,301200.0
HS0051,2896,4,3,4.5,79,2,682400.0
HS0052,3090,6,5.5,9.5,25,1,886200.0
HS0053,4367,6,5,7.9,64,1,1002200.0
HS0054,1536,3,3,6.9,29,0,490100.0
HS0055,3217,6,5,8.0,77,1,793800.0
HS0056,2790,4,3.5,7.5,28,2,744800.0
HS0057,2228,2,2,3.6,71,2,489300.0
HS0058,1996,2,1,4.8,55,1,479700.0
HS0059,4350,5,5,5.5,55,1,921600.0
HS0060,4411,5,5,2.5,20,2,926400.0
HS0061,3865,4,4.5,8.9,56,2,918400.0
HS0062,1407,2,1.5,2.0,40,2,351300.0
HS0063,1727,4,4.5,6.3,68,0,502500.0
HS0064,2117,4,3,4.1,74,2,512100.0
HS0065,2641,5,5.5,7.7,34,2,752700.0
HS0066,3622,4,4.5,2.1,80,2,732400.0
HS0067,3448,6,6.5,5.2,54,2,834000.0
HS0068,1498,2,2,6.3,52,0,456300.0
HS0069,3803,4,3.5,1.7,37,1,777400.0
HS0070,3777,4,3.5,6.7,66,2,857500.0
HS0071,4323,6,5,5.0,45,1,954200.0
HS0072,3668,6,5,7.5,33,2,932900.0
HS0073,879,2,1.5,6.8,46,2,365700.0
HS0074,2457,3,2.5,2.4,13,2,604500.0
HS0075,1561,4,4,3.5,41,1,431000.0
HS0076,1328,2,1.5,7.4,58,1,406800.0
HS0077,1918,2,2,6.7,3,1,563200.0
HS0078,962,1,1.5,9.2,57,2,405400.0
HS0079,1487,3,3,4.8,49,0,404500.0
HS0080,1402,4,3.5,8.1,69,0,473200.0
HS0081,3600,6,6,9.0,1,3,980900.0
HS0082,3610,4,3,9.8,71,2,875000.0
HS0083,1840,4,4.5,1.9,15,0,464200.0
HS0084,3402,4,3,5.4,43,2,774200.0
HS0085,3468,6,5.5,9.7,24,3,983900.0
HS0086,4171,5,4,9.1,25,3,1010200.0
HS0087,1633,4,4.5,9.3,42,2,576300.0
HS0088,1564,2,1.5,6.5,46,1,437600.0
HS0089,1138,2,2.5,3.2,26,2,334200.0
HS0090,812,2,2.5,1.5,72,1,196500.0
HS0091,4174,5,5,1.1,43,3,841900.0
HS0092,3249,5,5,9.5,30,3,880400.0
HS0093,806,2,1,2.7,38,1,231200.0
HS0094,3235,6,5,3.5,73,2,719800.0
HS0095,3474,5,5.5,2.9,33,1,777900.0
HS0096,2848,6,5.5,8.7,62,2,783500.0
HS0097,2809,5,5.5,5.7,50,2,722900.0
HS0098,3649,6,5,2.7,80,1,796300.0
HS0099,2779,5,4.5,7.0,75,3,722000.0
HS0100,2395,3,3.5,9.5,32,2,719600.0
HS0101,856,2,1,8.6,78,0,344800.0
HS0102,3874,4,4.5,8.8,17,2,998400.0
HS0103,1101,1,1.5,2.5,43,2,300700.0
HS0104,2034,3,2,8.5,34,3,634500.0
HS0105,2170,3,3,7.9,10,2,652800.0
HS0106,2961,4,4,8.9,11,2,825500.0
HS0107,4200,6,5.5,1.6,47,2,904100.0
HS0108,1989,2,1,1.4,62,1,410800.0
HS0109,1085,2,2.5,5.4,45,2,364400.0
HS0110,2577,5,5.5,1.8,59,3,593100.0
HS0111,1374,3,2,2.3,14,1,377900.0
HS0112,2981,4,4,3.7,27,2,709400.0
HS0113,2766,4,3.5,7.5,0,2,772900.0
HS0114,1668,2,1.5,9.9,38,0,538800.0
HS0115,1165,2,2.5,8.6,47,0,434500.0
HS0116,1887,3,3.5,9.5,59,1,576100.0
HS0117,3685,5,4.5,7.0,24,3,910600.0
HS0118,1795,4,4.5,5.4,9,1,546500.0
HS0119,2236,4,4,7.1,70,2,617000.0
HS0120,2373,2,2,6.0,64,3,591200.0
HS0121,2908,4,3.5,4.5,62,2,658200.0
HS0122,3894,6,5.5,8.8,39,3,1020000.0
HS0123,3125,4,3,3.4,39,2,693300.0
HS0124,2919,5,5.5,2.8,48,2,682700.0
HS0125,2951,5,4.5,9.0,80,3,790000.0
HS0126,1771,2,2,4.0,32,2,465100.0
HS0127,3428,5,4.5,2.3,13,2,742500.0
HS0128,3029,5,4,2.4,74,2,664000.0
HS0129,913,1,1,7.8,43,0,365300.0
HS0130,2157,4,4,6.4,28,2,600800.0
HS0131,2554,5,5,8.3,45,3,750900.0
HS0132,1830,4,4.5,4.6,48,1,506300.0
HS0133,2060,2,2.5,9.9,12,2,646000.0
HS0134,4001,4,3,2.8,60,2,829600.0
HS0135,3875,4,4.5,1.6,72,2,747100.0
HS0136,2847,4,4,5.9,49,1,695300.0
HS0137,2032,4,4,2.3,35,2,498800.0
HS0138,1728,4,4,7.5,9,1,594200.0
HS0139,1103,1,1,7.8,24,1,407300.0
HS0140,893,2,1.5,2.6,47,1,264700.0
HS0141,3365,6,6,1.7,70,3,749300.0
HS0142,829,1,1.5,2.1,74,2,209100.0
HS0143,2648,4,4,2.6,0,2,656600.0
HS0144,2441,3,3,5.2,39,2,624000.0
HS0145,3163,6,6,7.3,17,1,850600.0
HS0146,4017,4,3,2.1,32,2,817500.0
HS0147,2209,3,3.5,5.2,2,2,653400.0
HS0148,2466,4,4.5,1.2,57,1,551200.0
HS0149,3371,5,5,6.4,26,2,856300.0
HS0150,1316,3,2,9.8,25,2,533400.0
HS0151,2099,4,4.5,3.0,67,2,520900.0
HS0152,3200,4,3.5,3.1,59,2,689500.0
HS0153,2805,6,5.5,1.7,2,2,656000.0
HS0154,2218,3,2.5,9.8,43,2,690500.0
HS0155,2812,5,5,7.7,28,3,770500.0
HS0156,3063,6,6.5,6.6,31,2,836000.0
HS0157,4179,6,5.5,7.9,26,2,1037800.0
HS0158,4489,6,6,7.8,57,3,1065600.0
HS0159,2849,6,6,6.5,38,2,809900.0
HS0160,4468,4,4.5,4.7,48,2,923200.0
HS0161,4363,5,5.5,3.1,28,2,949200.0
HS0162,1518,4,3.5,3.5,37,1,419800.0
HS0163,3065,6,6.5,9.4,17,2,903400.0
HS0164,2953,4,3,7.3,26,2,761000.0
HS0165,3731,5,5,7.0,3,2,940300.0
HS0166,2156,2,1.5,1.3,65,1,402600.0
HS0167,3255,4,4.5,8.1,33,1,810800.0
HS0168,3759,5,5,3.4,80,2,785700.0
HS0169,3192,5,5,5.6,45,3,785800.0
HS0170,1722,3,3.5,4.5,8,2,487700.0
HS0171,4396,5,5.5,7.5,76,2,1000400.0
HS0172,4381,6,6,4.1,32,2,967900.0
HS0173,3898,5,4,7.8,78,1,901700.0
HS0174,2795,5,4,3.7,73,2,656300.0
HS0175,4457,6,6,7.0,17,1,1049000.0
HS0176,4138,4,3,4.7,75,2,853900.0
HS0177,3594,5,5.5,1.3,14,1,781200.0
HS0178,3096,5,5,7.7,9,3,831700.0
HS0179,2130,2,1,6.2,70,1,532200.0
HS0180,4314,6,5.5,4.9,72,2,912400.0
HS0181,825,2,1,8.3,4,2,411900.0
HS0182,867,2,2.5,6.3,57,1,335900.0
HS0183,4208,4,4,9.9,15,2,1082700.0
HS0184,2019,2,1.5,4.8,34,2,516300.0
HS0185,1841,4,4,7.5,75,2,538600.0
HS0186,3719,4,3.5,1.4,9,1,792800.0
HS0187,2067,2,2,1.9,8,3,487200.0
HS0188,3311,6,5.5,5.7,59,2,804200.0
HS0189,1352,2,2,5.7,5,0,450700.0
HS0190,3519,4,3.5,9.5,44,1,885400.0
HS0191,2914,4,4.5,6.5,53,1,743000.0
HS0192,2085,2,2,4.4,69,2,498500.0
HS0193,4413,5,5,9.2,19,2,1096800.0
HS0194,3310,5,4.5,3.6,67,2,744600.0
HS0195,1014,2,2.5,8.7,70,0,408900.0
HS0196,4065,5,4.5,4.5,32,1,909800.0
HS0197,2782,5,5.5,3.4,58,2,665200.0
HS0198,4200,4,4,7.9,41,3,1017100.0
HS0199,4428,4,3.5,7.8,73,3,981000.0
HS0200,2133,2,2.5,8.6,7,2,639300.0
HS0201,2222,3,2,8.7,60,3,630400.0
HS0202,1783,4,3.5,8.2,52,2,571200.0
HS0203,944,2,2,2.6,45,2,275400.0
HS0204,2488,2,1,9.6,27,3,685100.0
HS0205,4255,6,6.5,2.8,15,2,973000.0
HS0206,2299,4,3.5,4.8,60,3,611500.0
HS0207,3755,5,4,1.1,60,3,760300.0
HS0208,4191,5,4.5,6.4,73,2,918900.0
HS0209,979,2,2.5,5.1,2,0,366500.0
HS0210,4029,4,3,8.0,52,2,892100.0
HS0211,1775,3,3.5,2.8,24,2,469600.0
HS0212,2322,4,4.5,5.0,43,1,604400.0
HS0213,3123,5,5.5,6.3,69,1,782600.0
HS0214,1140,1,1,8.6,0,1,465700.0
HS0215,3011,4,4.5,10.0,76,2,827600.0
HS0216,3193,5,5,1.1,66,1,653900.0
HS0217,3686,5,5,9.5,24,2,966400.0
HS0218,4134,5,5,1.8,73,3,821200.0
HS0219,1813,2,1,9.7,32,0,557700.0
HS0220,1632,2,2.5,7.9,6,2,539400.0
HS0221,2809,4,4.5,3.2,32,2,644500.0
HS0222,4482,6,5,5.9,57,3,1011900.0
HS0223,3957,5,4.5,7.5,42,3,958700.0
HS0224,2274,3,3.5,7.6,46,2,635600.0
HS0225,3736,6,6.5,7.3,47,2,948800.0
HS0226,2092,2,2,2.5,28,3,493900.0
HS0227,4062,6,5,8.5,35,2,1007500.0
HS0228,831,2,2.5,2.8,42,1,252100.0
HS0229,3978,5,5,2.8,72,1,821300.0
HS0230,1354,4,3,3.9,42,1,382600.0
HS0231,4065,5,4.5,3.4,41,2,854200.0
HS0232,3620,5,5,8.6,6,2,953200.0
HS0233,3284,6,5,5.1,48,2,803500.0
HS0234,4199,5,5.5,5.9,35,2,996200.0
HS0235,4099,5,4,3.8,0,3,940200.0
HS0236,3798,4,4,9.8,60,2,953000.0
HS0237,1314,3,3,4.9,48,0,394800.0
HS0238,2574,4,3,5.7,44,3,641200.0
HS0239,4033,6,6.5,8.1,42,2,988900.0
HS0240,4285,4,3.5,9.9,62,2,1015400.0
HS0241,4047,5,5.5,2.6,59,1,850300.0
HS0242,876,1,1.5,9.0,67,1,369200.0
HS0243,1773,4,4,3.1,33,1,481500.0
HS0244,1175,2,2.5,4.3,36,1,376900.0
HS0245,3852,6,5.5,3.0,60,2,831400.0
HS0246,2229,3,3.5,6.9,36,2,615100.0
HS0247,2116,2,1,8.5,74,2,554000.0
HS0248,4073,5,4.5,1.7,74,1,832000.0
HS0249,4314,4,4,8.6,11,1,1044800.0
HS0250,1560,2,1,5.3,69,1,401300.0
HS0251,1585,3,3,4.8,79,0,422800.0
HS0252,3665,6,5,6.3,80,2,858900.0
HS0253,3067,5,4,3.2,1,2,737700.0
HS0254,1706,3,2.5,3.3,70,1,424000.0
HS0255,1781,3,3.5,2.5,25,1,465400.0
HS0256,4106,6,6.5,4.9,8,3,983800.0
HS0257,2762,5,5,2.2,37,2,654800.0
HS0258,4001,4,3.5,1.4,73,3,796300.0
HS0259,1316,2,1.5,2.4,57,1,303400.0
HS0260,3874,5,4.5,4.3,4,2,896100.0
HS0261,3556,6,6,2.7,59,2,809700.0
HS0262,4188,6,6,4.4,45,2,948300.0
HS0263,2539,6,6,9.9,8,2,819900.0
HS0264,2701,4,3,4.3,31,2,644200.0
HS0265,4399,6,5.5,1.2,1,2,938400.0
HS0266,977,1,1.5,2.0,50,0,239000.0
HS0267,2487,2,1.5,2.9,17,3,539000.0
HS0268,4274,6,5,9.5,36,2,1080000.0
HS0269,3119,6,6.5,2.9,14,1,747500.0
HS0270,2229,4,4,6.1,61,2,600400.0
HS0271,1200,4,4.5,1.7,13,0,355200.0
HS0272,1126,2,1.5,6.0,7,1,414500.0
HS0273,1782,2,1.5,5.3,59,2,444400.0
HS0274,3975,4,3,1.7,21,2,799500.0
HS0275,1410,2,1.5,7.2,9,0,454300.0
HS0276,2146,4,4,5.5,10,2,583200.0
HS0277,2913,5,4.5,1.1,3,2,654600.0
HS0278,3437,4,3.5,6.5,52,2,808500.0
HS0279,4216,4,4.5,4.9,52,2,905400.0
HS0280,1132,2,2,6.2,74,0,352200.0
HS0281,4312,6,5.5,9.2,76,2,1032300.0
HS0282,2195,3,3,6.9,68,2,568400.0
HS0283,4051,6,5.5,6.7,66,2,926600.0
HS0284,1226,3,2,5.1,48,2,388300.0
HS0285,3498,6,5,3.5,37,2,820300.0
HS0286,881,1,1.5,7.1,73,1,326000.0
HS0287,3941,6,6.5,5.9,33,2,930300.0
HS0288,1610,4,4,8.7,9,1,579100.0
HS0289,2037,2,2,5.6,45,3,535500.0
HS0290,2137,2,2,4.5,4,1,547500.0
HS0291,3695,6,5,5.1,47,3,847300.0
HS0292,3754,6,6.5,3.6,56,1,866900.0
HS0293,1920,2,1,6.1,56,0,481700.0
HS0294,1449,2,1,7.0,51,2,450800.0
HS0295,1847,3,2.5,2.9,44,1,467500.0
HS0296,3265,5,5.5,3.9,47,1,739400.0
HS0297,1831,3,2.5,6.3,9,1,547600.0
HS0298,1551,3,3.5,8.6,74,2,508700.0
HS0299,2796,6,6,5.7,40,3,748700.0
HS0300,2671,6,5,8.4,41,3,756800.0
HS0301,3941,5,5.5,3.0,69,2,836300.0
HS0302,4122,4,3.5,4.5,8,2,942300.0
HS0303,1364,4,3,9.6,52,1,535700.0
HS0304,2745,6,6.5,9.6,63,2,817800.0
HS0305,3739,4,3.5,2.3,36,3,762700.0
HS0306,4303,6,5.5,1.8,6,3,945800.0
HS0307,4396,6,6.5,7.1,15,2,1069300.0
HS0308,3593,5,5,6.9,71,3,864000.0
HS0309,1177,1,1,6.0,59,1,356800.0
HS0310,3869,4,3,5.4,47,3,881700.0
HS0311,3297,6,6.5,6.1,58,2,831800.0
HS0312,3000,6,5,2.2,14,2,703600.0
HS0313,3447,5,5.5,4.9,7,2,873900.0
HS0314,2845,5,4.5,1.2,0,2,658400.0
HS0315,881,2,1,8.4,12,1,425100.0
HS0316,2734,4,4.5,3.0,24,1,668500.0
HS0317,3128,6,5,8.6,69,1,811300.0
HS0318,1309,4,3,3.0,79,0,318500.0
HS0319,1544,3,3,9.8,39,1,539100.0
HS0320,3367,6,6,5.5,9,2,876000.0
HS0321,2868,4,3,9.7,61,3,775900.0
HS0322,3321,4,3.5,8.8,60,2,852800.0
HS0323,2811,4,4.5,7.6,50,2,742500.0
HS0324,3538,6,6.5,8.3,79,2,889500.0
HS0325,1467,2,2,7.7,54,1,478900.0
HS0326,1273,2,2,5.2,10,0,394600.0
HS0327,2043,3,2.5,6.0,61,2,556300.0
HS0328,1720,4,3,3.2,76,1,401700.0
HS0329,3042,6,5.5,6.5,42,2,773100.0
HS0330,2624,5,4,2.0,10,3,675100.0
HS0331,1176,2,1,4.9,5,1,400500.0
HS0332,1992,3,3.5,5.2,62,2,520800.0
HS0333,2653,6,6,4.3,60,2,671000.0
HS0334,3918,6,5.5,6.5,44,2,916300.0
HS0335,985,1,1.5,2.4,23,0,274600.0
HS0336,1756,2,1.5,3.7,19,0,441600.0
HS0337,3528,5,4,3.6,71,2,765100.0
HS0338,4494,4,4.5,4.3,31,1,947300.0
HS0339,2706,5,5.5,6.8,59,2,743200.0
HS0340,2116,3,2,3.7,71,2,490300.0
HS0341,3256,6,5.5,5.5,15,1,823000.0
HS0342,4292,5,5,4.5,62,3,927400.0
HS0343,1336,4,4.5,6.2,40,2,466700.0
HS0344,1384,3,3,7.7,40,0,483600.0
HS0345,2882,4,3,4.6,69,1,661900.0
HS0346,1338,3,3.5,6.0,70,1,387000.0
HS0347,1764,2,2.5,5.0,19,0,453200.0
HS0348,4147,6,6.5,3.9,49,3,926400.0
HS0349,4458,4,4.5,7.0,52,2,1010300.0
HS0350,3370,5,4.5,2.3,9,2,758500.0
HS0351,2325,3,2,3.1,60,3,525000.0
HS0352,1419,4,3.5,5.0,50,1,443600.0
HS0353,3369,4,3.5,1.8,77,2,687200.0
HS0354,4265,6,5,2.0,2,3,956500.0
HS0355,2519,4,3,9.6,37,2,754500.0
HS0356,1888,3,2.5,2.6,80,2,428600.0
HS0357,4334,6,6,2.1,74,2,888600.0
HS0358,1983,2,1.5,5.1,17,0,510100.0
HS0359,4114,6,5.5,5.6,16,2,984000.0
HS0360,3355,5,4.5,9.4,49,2,889900.0
HS0361,2287,2,2,4.4,0,1,566200.0
HS0362,3081,6,6.5,6.4,31,2,822800.0
HS0363,2886,6,6.5,5.6,7,2,783500.0
HS0364,3109,6,6.5,9.6,65,1,877000.0
HS0365,3168,5,4.5,9.7,61,2,852000.0
HS0366,3759,5,4.5,9.0,47,3,954100.0
HS0367,2263,4,3,8.2,44,2,644300.0
HS0368,2228,3,2,8.0,48,2,608000.0
HS0369,1960,2,2,9.1,4,2,626600.0
HS0370,1997,3,3.5,6.3,34,2,599900.0
HS0371,3001,4,3,6.5,62,2,737900.0
HS0372,2842,6,6,2.5,27,2,703100.0
HS0373,1924,3,2,5.3,23,0,521500.0
HS0374,1839,2,1,1.1,45,2,386100.0
HS0375,3831,6,5.5,4.2,13,2,911000.0
HS0376,3898,5,4.5,7.5,80,2,917700.0
HS0377,3968,5,5.5,9.3,61,2,998600.0
HS0378,1256,2,2,5.8,36,0,401700.0
HS0379,941,1,1.5,2.4,47,1,281500.0
HS0380,4052,5,5.5,7.9,25,2,981600.0
HS0381,2517,4,3,9.5,6,2,761600.0
HS0382,1531,2,2.5,2.4,68,1,383100.0
HS0383,1414,2,2,3.4,76,0,328300.0
HS0384,3739,4,3,9.1,16,3,988800.0
HS0385,970,1,1.5,4.1,57,1,272600.0
HS0386,2111,2,2.5,5.3,44,1,524600.0
HS0387,4118,5,4.5,2.4,70,2,849300.0
HS0388,2490,2,2,2.2,68,2,499500.0
HS0389,2306,4,3.5,8.6,70,3,677700.0
HS0390,1176,1,1.5,4.1,45,2,302400.0
HS0391,2122,2,2,9.1,52,2,633200.0
HS0392,2657,6,5,1.5,27,2,652400.0
HS0393,4026,5,4,5.3,64,2,892800.0
HS0394,3529,6,6,6.5,64,2,870300.0
HS0395,1315,3,3,1.1,32,2,333800.0
HS0396,4142,4,3.5,3.4,18,2,865000.0
HS0397,1608,2,2.5,2.9,58,0,393900.0
HS0398,4300,6,5,1.1,77,2,847400.0
HS0399,1770,4,3.5,4.8,74,1,478700.0
HS0400,4264,5,4,5.3,76,2,926500.0
HS0401,2271,2,2,1.5,38,1,473300.0
HS0402,3646,4,4,4.2,16,3,848500.0
HS0403,4410,5,5.5,3.0,9,1,958500.0
HS0404,1261,2,2,8.2,24,2,474500.0
HS0405,1040,1,1.5,3.4,52,0,296100.0
HS0406,3403,4,3,2.3,3,3,775600.0
HS0407,4396,6,5,8.0,11,2,1080900.0
HS0408,4250,5,5.5,3.5,32,2,938600.0
HS0409,918,1,1,6.0,46,1,329400.0
HS0410,4099,5,5,3.4,44,2,859500.0
HS0411,3758,5,4.5,6.3,18,1,881100.0
HS0412,2496,4,3,7.3,11,3,705100.0
HS0413,2720,4,3,8.8,23,2,760900.0
HS0414,2107,2,2.5,3.1,69,2,479700.0
HS0415,2106,2,2.5,3.5,79,2,465000.0
HS0416,909,2,2,5.1,55,2,353900.0
HS0417,968,2,2,7.0,20,1,409700.0
HS0418,3720,6,5.5,6.7,14,2,949100.0
HS0419,3742,5,5.5,5.8,45,2,898300.0
HS0420,2934,6,5.5,2.2,55,3,684500.0
HS0421,926,1,1,5.8,58,1,309200.0
HS0422,3047,5,4.5,7.5,2,1,832400.0
HS0423,2897,5,4.5,9.4,69,3,794400.0
HS0424,3789,6,6,4.7,11,2,923300.0
HS0425,3408,4,4.5,2.0,44,1,743900.0
HS0426,1118,2,1.5,7.3,71,2,402000.0
HS0427,4416,6,6.5,1.2,51,2,909100.0
HS0428,879,1,1,4.2,67,2,302900.0
HS0429,3605,4,3,1.4,31,2,704900.0
HS0430,4015,4,3.5,2.6,61,2,808600.0
HS0431,3546,5,5,6.3,51,2,840000.0
HS0432,2192,4,3,6.5,29,3,645400.0
HS0433,3380,5,5.5,2.3,60,2,746000.0
HS0434,1543,4,3.5,7.5,4,1,561600.0
HS0435,2643,5,4,9.7,77,2,764900.0
HS0436,4087,6,6,7.0,22,3,1017000.0
HS0437,4004,6,5,7.4,56,1,918300.0
HS0438,3568,5,5.5,4.1,64,2,778900.0
HS0439,2281,3,3.5,3.5,47,1,531800.0
HS0440,2557,4,4,2.8,73,1,549800.0
HS0441,1003,1,1,1.8,62,2,272000.0
HS0442,1911,2,2,1.0,12,1,437700.0
HS0443,1313,4,3.5,6.2,43,2,451200.0
HS0444,2792,4,3.5,4.2,44,2,664700.0
HS0445,4296,6,5.5,3.9,38,1,947700.0
HS0446,2272,4,4,7.7,74,2,635500.0
HS0447,3242,6,6.5,6.3,74,2,795100.0
HS0448,4243,5,4,2.0,24,2,873900.0
HS0449,1463,2,2,6.7,1,1,498800.0
HS0450,2445,3,3.5,3.0,76,2,540500.0
HS0451,3503,6,5,6.3,42,2,842800.0
HS0452,1741,4,3,8.2,34,2,573600.0
HS0453,1815,4,3.5,2.6,68,0,452600.0
HS0454,3418,6,5,8.5,3,2,918500.0
HS0455,4327,4,3,8.3,66,1,952600.0
HS0456,3189,4,3,7.5,30,2,804100.0
HS0457,3441,4,4.5,9.6,3,1,908900.0
HS0458,1814,4,3,7.2,52,1,531700.0
HS0459,2139,2,1.5,2.2,57,1,465300.0
HS0460,3712,6,6,3.5,8,3,918100.0
HS0461,2411,3,2,2.8,63,2,552500.0
HS0462,908,2,1.5,2.1,1,1,300400.0
HS0463,1673,4,4.5,2.3,21,0,475100.0
HS0464,3822,5,5.5,2.5,17,2,858300.0
HS0465,4084,4,4,7.2,63,3,947900.0
HS0466,3587,5,4,4.8,27,2,816800.0
HS0467,3469,6,5.5,9.8,61,2,947400.0
HS0468,4182,4,4.5,1.8,28,2,874600.0
HS0469,2866,5,5.5,2.8,60,2,682100.0
HS0470,3130,6,5,1.7,61,1,701500.0
HS0471,1952,2,2.5,2.8,37,2,467300.0
HS0472,4255,5,5,4.1,57,3,924400.0
HS0473,4382,4,4,3.2,11,3,983600.0
HS0474,2748,5,5,8.5,66,2,773800.0
HS0475,2626,5,4,7.5,60,2,717100.0
HS0476,2044,2,2.5,5.9,39,3,578000.0
HS0477,1185,2,2,1.8,78,1,265700.0
HS0478,2390,3,2,2.4,29,1,569200.0
HS0479,3700,4,3,5.6,35,3,846900.0
HS0480,1032,2,2.5,9.8,75,1,449200.0
HS0481,2080,3,3.5,4.8,54,3,504700.0
HS0482,909,1,1.5,6.8,21,0,330100.0
HS0483,4250,4,3,5.6,67,3,924100.0
HS0484,2540,6,5.5,4.7,27,2,699000.0
HS0485,947,1,1.5,3.1,51,1,271100.0
HS0486,3296,5,5.5,9.9,43,3,911200.0
HS0487,3548,4,4.5,6.2,70,2,813800.0
HS0488,4103,6,6.5,1.3,9,2,902500.0
HS0489,1456,2,2.5,6.1,37,1,459900.0
HS0490,4178,6,5,5.2,14,2,991400.0
HS0491,928,2,1.5,9.8,23,1,433800.0
HS0492,1542,4,4.5,2.7,51,1,425300.0
HS0493,3652,5,5.5,6.6,62,2,856800.0
HS0494,2969,4,3,6.0,28,3,779200.0
HS0495,4493,6,5.5,6.3,53,2,1043200.0
HS0496,2553,4,4.5,9.0,9,2,753100.0
HS0497,1170,1,1,1.2,10,1,289500.0
HS0498,4476,4,3,5.2,46,1,947000.0
HS0499,1112,2,1.5,3.6,35,2,343700.0
HS0500,3743,5,5,8.3,27,2,924600.0
HS0501,4432,4,4.5,7.9,45,2,997700.0
HS0502,3083,6,5.5,9.5,29,2,893000.0
HS0503,3420,5,5,7.3,31,2,878500.0
HS0504,4298,5,4,8.7,17,2,1071000.0
HS0505,2341,2,2.5,3.0,40,3,526500.0
HS0506,3202,5,5.5,9.3,55,3,854200.0
HS0507,2665,5,4.5,9.3,41,2,776700.0
HS0508,1304,2,1.5,4.4,21,1,387600.0
HS0509,1753,4,4,2.2,23,2,468100.0
HS0510,1594,4,4.5,6.0,15,0,534600.0
HS0511,3161,4,4,5.7,30,2,742900.0
HS0512,3458,4,3,3.8,26,2,770600.0
HS0513,1981,3,3.5,5.1,14,1,567200.0
HS0514,3646,5,4.5,3.0,53,3,771800.0
HS0515,3775,5,5,6.7,18,1,887800.0
HS0516,3469,6,6.5,5.5,15,2,889900.0
HS0517,1634,2,1,1.9,28,1,362900.0
HS0518,915,2,2.5,2.7,18,1,273900.0
HS0519,865,1,1.5,7.8,53,1,343200.0
HS0520,3370,6,6,6.2,3,2,873900.0
HS0521,3891,5,4,6.9,38,1,918000.0
HS0522,2144,2,2.5,9.5,30,2,649300.0
HS0523,3114,5,4.5,8.2,18,1,835500.0
HS0524,3587,4,3.5,2.3,76,3,739500.0
HS0525,2355,4,4,1.9,59,2,549400.0
HS0526,1506,4,4.5,7.0,62,2,498900.0
HS0527,3801,6,6.5,9.0,46,1,1015000.0
HS0528,2002,3,2,3.5,79,2,467900.0
HS0529,3953,4,3.5,8.4,34,1,922900.0
HS0530,898,2,1.5,8.7,6,1,437800.0
HS0531,4011,6,6,1.9,66,2,840100.0
HS0532,2383,4,4.5,3.0,75,2,543300.0
HS0533,1765,2,2.5,8.5,2,1,574000.0
HS0534,2505,6,6,6.6,18,2,714800.0
HS0535,2297,3,2,7.1,61,1,596400.0
HS0536,1413,4,3,9.4,79,1,521000.0
HS0537,2260,4,3.5,4.1,60,2,544300.0
HS0538,3307,5,4.5,5.0,5,2,838800.0
HS0539,1787,3,2,1.1,78,0,370300.0
HS0540,1578,2,1.5,6.4,68,0,423500.0
HS0541,3681,4,4.5,7.9,15,1,920100.0
HS0542,4293,6,6.5,7.4,1,2,1055300.0
HS0543,4485,5,4.5,2.8,30,2,930500.0
HS0544,2466,3,3.5,7.3,28,1,654100.0
HS0545,2404,2,2,7.8,43,2,629500.0
HS0546,2548,4,3.5,8.8,28,2,742400.0
HS0547,3720,6,6.5,2.5,12,2,859800.0
HS0548,2815,4,3.5,5.8,67,3,675300.0
HS0549,3203,4,3,10.0,58,3,875400.0
HS0550,2550,6,6,6.5,62,2,670300.0
HS0551,3675,4,4,8.0,78,1,860300.0
HS0552,1074,2,2,2.4,12,2,343900.0
HS0553,2018,2,2,7.6,27,2,565200.0
HS0554,3126,5,4.5,4.7,37,3,731400.0
HS0555,1196,1,1.5,5.7,27,1,376500.0
HS0556,1500,2,2.5,9.3,49,1,535500.0
HS0557,1519,4,3,2.0,9,2,413800.0
HS0558,4388,4,3.5,5.7,40,2,981200.0
HS0559,1931,4,3,9.3,74,2,595900.0
HS0560,3312,6,6,5.4,36,2,837100.0
HS0561,2654,5,5,8.7,26,1,785900.0
HS0562,3284,6,5,8.6,53,2,877300.0
HS0563,1220,2,1.5,1.6,46,2,299400.0
HS0564,2497,3,2,7.9,9,2,710500.0
HS0565,2065,2,2.5,3.0,55,2,463800.0
HS0566,3917,5,4,3.8,35,2,869600.0
HS0567,2806,4,3.5,6.4,15,2,729900.0
HS0568,2541,5,5,3.0,39,2,635100.0
HS0569,1406,2,1,3.4,52,1,360500.0
HS0570,2576,6,6.5,4.4,9,2,725800.0
HS0571,2759,4,3.5,3.3,28,1,620900.0
HS0572,1378,2,2,3.7,12,1,371300.0
HS0573,2794,6,6,9.4,52,3,825700.0
HS0574,1600,2,2,8.2,23,0,520400.0
HS0575,1462,3,3,3.4,27,1,418300.0
HS0576,1989,2,1.5,4.4,13,0,494600.0
HS0577,2599,5,5,2.5,43,2,618600.0
HS0578,1228,3,3.5,6.0,48,1,418700.0
HS0579,1529,3,3,7.0,43,1,479900.0
HS0580,4023,5,4,9.8,25,2,1015100.0
HS0581,2558,4,4.5,1.8,27,1,586500.0
HS0582,3314,4,4,7.7,68,1,817300.0
HS0583,1756,4,4,3.3,11,1,482200.0
HS0584,1014,2,2,7.5,18,1,400500.0
HS0585,3310,4,3,7.0,11,2,815100.0
HS0586,1349,4,3,6.8,68,1,446100.0
HS0587,1378,4,3,7.2,31,1,491700.0
HS0588,3273,4,4,2.7,7,3,766600.0
HS0589,1882,3,3,5.5,31,1,529600.0
HS0590,1613,4,3.5,8.5,71,1,526900.0
HS0591,2371,3,3.5,2.9,65,2,555300.0
HS0592,3487,5,5,9.0,72,2,892400.0
HS0593,3533,6,5.5,4.3,16,2,832400.0
HS0594,1295,2,1.5,1.7,13,1,330800.0
HS0595,1201,3,3.5,1.1,11,2,353700.0
HS0596,3225,5,5,9.4,19,3,898300.0
HS0597,802,2,1.5,5.5,3,1,318000.0
HS0598,2515,5,5,1.8,47,1,586100.0
HS0599,2415,2,2.5,9.0,40,2,669100.0
HS0600,1719,4,3.5,9.6,71,1,570600.0
HS0601,2001,2,1,9.3,18,2,598700.0
HS0602,3545,4,4.5,8.6,47,3,885000.0
HS0603,4087,6,5.5,5.0,30,2,940400.0
HS0604,4150,4,3,1.9,42,2,816300.0
HS0605,3965,6,5,8.4,71,1,954400.0
HS0606,2151,2,1,4.4,5,2,555900.0
HS0607,3737,4,4.5,2.0,10,2,825700.0
HS0608,2122,2,1,9.9,20,3,655500.0
HS0609,1805,3,2,3.2,19,0,446900.0
HS0610,1949,4,3.5,3.3,31,2,508600.0
HS0611,925,1,1.5,7.6,67,1,315300.0
HS0612,2225,3,2,4.3,71,2,506200.0
HS0613,3273,6,6.5,2.1,23,2,759600.0
HS0614,3378,5,4.5,9.0,39,2,888200.0
HS0615,1491,3,2.5,5.6,50,0,432000.0
HS0616,4423,4,3,8.7,7,1,1039100.0
HS0617,1722,4,4,4.5,33,1,496400.0
HS0618,3040,6,6.5,3.9,19,2,756200.0
HS0619,1934,2,2,5.7,79,1,488600.0
HS0620,814,2,1.5,7.0,65,1,336300.0
HS0621,2275,3,3.5,2.7,14,3,589400.0
HS0622,2979,6,6,1.3,38,2,697100.0
HS0623,1929,4,3,5.1,8,1,557800.0
HS0624,1646,3,3,4.9,67,1,439500.0
HS0625,1477,2,1.5,9.6,4,1,585500.0
HS0626,3989,6,5,2.5,44,2,859300.0
HS0627,1177,1,1.5,4.8,71,0,328400.0
HS0628,3318,6,5,4.8,35,1,777200.0
HS0629,3250,6,5,2.4,67,2,717100.0
HS0630,3624,6,5.5,8.7,4,2,951700.0
HS0631,3096,5,4.5,8.2,2,2,822800.0
HS0632,3509,4,4.5,6.1,51,3,825000.0
HS0633,1601,3,2,5.8,26,1,492000.0
HS0634,1763,3,2.5,9.9,56,1,558500.0
HS0635,1386,4,3,1.8,13,1,406700.0
HS0636,3444,4,4,7.0,9,2,866500.0
HS0637,2600,6,5,5.6,71,3,673100.0
HS0638,1556,3,3,7.5,60,0,492500.0
HS0639,3594,6,5,3.7,75,2,803500.0
HS0640,3468,6,6,5.5,36,2,834700.0
HS0641,1716,2,1,8.6,19,2,551900.0
HS0642,4364,5,4.5,8.4,7,2,1069700.0
HS0643,4332,5,4,5.4,50,3,977900.0
HS0644,882,2,1,9.2,15,1,428500.0
HS0645,2820,6,5,7.5,29,1,777600.0
HS0646,1657,2,2,6.2,6,2,512200.0
HS0647,1175,2,1.5,7.5,66,2,410700.0
HS0648,940,1,1,2.5,16,2,274800.0
HS0649,3217,5,5.5,8.0,54,2,824200.0
HS0650,1072,1,1,3.0,21,0,325500.0
HS0651,3514,5,4,9.2,26,3,938400.0
HS0652,3024,4,4.5,9.5,69,2,797400.0
HS0653,2294,4,3,3.0,22,3,582500.0
HS0654,3291,4,3,4.2,71,1,709000.0
HS0655,2596,5,4,3.4,40,2,621200.0
HS0656,3560,6,6.5,6.3,0,2,925200.0
HS0657,846,2,2.5,6.5,27,0,373700.0
HS0658,2983,4,4.5,4.1,2,1,727500.0
HS0659,1380,2,1.5,9.0,51,1,475700.0
HS0660,2351,2,1,4.6,77,2,531100.0
HS0661,1603,2,2,4.8,46,0,417300.0
HS0662,1600,4,4,2.3,61,0,365500.0
HS0663,4075,4,4,8.2,57,2,981000.0
HS0664,3537,4,3,2.7,79,2,718300.0
HS0665,3651,6,6.5,2.4,28,2,817200.0
HS0666,3500,5,5.5,5.3,41,2,848700.0
HS0667,3855,6,5.5,9.2,10,2,1037400.0
HS0668,3567,4,3.5,9.2,64,2,891700.0
HS0669,2380,2,2,6.9,54,2,592200.0
HS0670,2543,5,5,6.8,45,2,709600.0
HS0671,3331,5,5.5,2.9,61,1,744300.0
HS0672,2228,2,1,8.7,34,1,600800.0
HS0673,3249,5,5,8.8,36,1,869200.0
HS0674,4396,4,3.5,8.4,67,2,978400.0
HS0675,1670,4,4.5,8.0,65,1,529200.0
HS0676,1588,3,2.5,2.4,59,1,379500.0
HS0677,2281,3,3,9.1,59,3,660100.0
HS0678,1185,2,1.5,5.2,47,2,370500.0
HS0679,1909,4,4,6.7,20,0,564000.0
HS0680,1129,1,1.5,6.3,75,0,329900.0
HS0681,1678,2,1.5,1.9,14,1,408300.0
HS0682,2731,6,5,5.7,1,3,772000.0
HS0683,1588,2,1,6.2,70,1,427000.0
HS0684,835,1,1,3.6,62,0,218800.0
HS0685,1825,2,1.5,7.2,32,2,517400.0
HS0686,3864,5,5.5,3.0,54,3,837200.0
HS0687,2773,6,5.5,9.8,7,2,867400.0
HS0688,3474,4,4,2.8,56,2,733600.0
HS0689,2377,2,2,5.4,30,1,599800.0
HS0690,2409,2,2.5,3.1,45,1,555100.0
HS0691,1569,3,3,4.6,52,2,453400.0
HS0692,3711,5,5.5,7.9,78,2,913800.0
HS0693,3114,5,4,9.8,60,2,833300.0
HS0694,812,2,2,6.8,36,1,354600.0
HS0695,3281,4,4,4.5,3,3,786500.0
HS0696,4308,6,5.5,5.9,35,2,1035400.0
HS0697,2963,6,6,9.9,24,2,865400.0
HS0698,1750,3,2.5,8.2,75,1,532900.0
HS0699,1580,4,4,2.5,78,2,419200.0
HS0700,3091,6,6.5,1.2,65,2,680900.0
HS0701,937,1,1.5,3.0,46,0,276200.0
HS0702,1228,2,2,3.0,53,2,329300.0
HS0703,2221,4,3.5,9.1,80,2,641800.0
HS0704,3590,4,4.5,1.5,24,3,749400.0
HS0705,1803,4,4,3.7,61,1,483600.0
HS0706,3944,4,3.5,5.6,70,1,860600.0
HS0707,2998,4,4.5,1.8,45,1,639000.0
HS0708,2454,3,3,5.2,9,2,668400.0
HS0709,4103,4,4,8.4,25,2,974900.0
HS0710,1738,4,4.5,2.0,52,2,441300.0
HS0711,1946,4,4.5,3.8,5,0,525900.0
HS0712,4365,6,5.5,8.0,4,2,1075900.0
HS0713,3164,5,5,2.5,65,2,716000.0
HS0714,2940,6,6,3.6,69,2,713400.0
HS0715,3693,4,3,2.0,19,1,774100.0
HS0716,3513,6,5,8.7,79,1,877400.0
HS0717,2779,5,4.5,9.7,62,1,812900.0
HS0718,4453,4,3,10.0,61,2,1057000.0
HS0719,4078,5,4,7.6,29,1,970700.0
HS0720,4309,6,5,6.2,19,2,1021000.0
HS0721,2944,4,3.5,3.4,34,2,681000.0
HS0722,1571,4,3.5,5.6,60,2,494600.0
HS0723,1330,3,2.5,3.7,56,0,369900.0
HS0724,3935,6,5,6.5,38,2,931500.0
HS0725,2734,5,5.5,2.0,42,3,626300.0
HS0726,2120,3,2,3.3,9,3,562700.0
HS0727,1032,2,1.5,2.7,4,1,333100.0
HS0728,2493,2,2.5,9.5,36,1,689500.0
HS0729,3970,4,4,5.5,31,2,928300.0
HS0730,4222,4,4.5,4.5,59,3,895300.0
HS0731,2728,6,5,7.9,48,2,757700.0
HS0732,2543,6,6,7.2,20,1,724300.0
HS0733,2717,6,5,1.8,17,2,679400.0
HS0734,2760,6,5.5,8.1,54,2,773300.0
HS0735,3227,6,5,4.7,60,2,762400.0
HS0736,2511,4,4,5.6,28,2,660800.0
HS0737,1079,1,1.5,8.6,74,2,399100.0
HS0738,3098,5,5,7.2,7,1,816600.0
HS0739,3154,4,4.5,6.3,2,3,814000.0
HS0740,2694,6,5,4.1,52,1,661200.0
HS0741,4011,5,4.5,4.1,67,2,896300.0
HS0742,1994,4,4,6.9,27,1,605200.0
HS0743,1778,4,3,4.1,54,0,483400.0
HS0744,4459,6,6,1.1,62,1,892800.0
HS0745,3567,4,4,2.4,72,3,740900.0
HS0746,2161,3,3,10.0,6,2,691700.0
HS0747,1778,4,4,4.4,5,1,517800.0
HS0748,996,2,1,2.7,8,0,293500.0
HS0749,1666,3,3.5,3.7,60,2,439900.0
HS0750,917,2,1,9.7,22,2,495900.0
HS0751,1794,3,3,7.4,37,0,556000.0
HS0752,2776,6,6,5.5,41,1,718200.0
HS0753,2434,3,3.5,9.4,75,3,707000.0
HS0754,2937,5,5,4.8,12,1,760700.0
HS0755,4127,6,6.5,6.1,2,2,1014700.0
HS0756,1173,2,2,7.9,43,1,424500.0
HS0757,1768,2,2.5,2.4,5,2,430000.0
HS0758,3430,5,5.5,3.6,2,2,819600.0
HS0759,1675,3,3,5.5,2,1,521700.0
HS0760,888,1,1.5,9.7,72,1,402400.0
HS0761,3223,4,4,4.7,42,2,755700.0
HS0762,1101,1,1.5,5.7,41,1,363900.0
HS0763,3480,4,4.5,1.5,30,3,730600.0
HS0764,1363,3,2.5,5.4,49,0,418500.0
HS0765,3589,6,6.5,1.6,4,1,803000.0
HS0766,2079,3,3.5,8.7,61,3,631900.0
HS0767,874,1,1.5,1.9,45,1,245300.0
HS0768,3942,4,3,1.9,78,2,777400.0
HS0769,2710,6,5.5,4.6,13,2,713600.0
HS0770,1563,2,2,1.8,10,0,415700.0
HS0771,2157,3,3,6.5,33,2,587600.0
HS0772,930,1,1.5,4.0,29,2,283400.0
HS0773,4104,5,4.5,4.5,30,2,915200.0
HS0774,3311,4,4.5,7.2,22,3,853400.0
HS0775,2553,4,4.5,3.5,54,3,608600.0
HS0776,3625,5,5.5,3.8,24,1,860700.0
HS0777,1541,2,2.5,1.8,41,1,366300.0
HS0778,4117,5,5.5,2.0,49,2,826400.0
HS0779,3426,4,3,9.0,2,3,918900.0
HS0780,1706,3,2.5,2.5,3,1,476100.0
HS0781,906,2,2,7.6,4,0,405900.0
HS0782,2246,2,1,9.3,65,2,613900.0
HS0783,3283,5,5,1.1,58,1,686300.0
HS0784,1719,4,3,5.5,4,0,532700.0
HS0785,2010,4,3.5,9.1,72,1,620500.0
HS0786,3808,4,3,7.7,1,2,943500.0
HS0787,924,1,1.5,4.4,57,0,282700.0
HS0788,2755,5,4.5,7.9,50,2,775300.0
HS0789,2611,4,3.5,1.5,30,2,573500.0
HS0790,2251,4,4,7.1,37,1,639200.0
HS0791,2765,6,5,7.1,58,2,742000.0
HS0792,1387,4,4,9.3,11,1,557600.0
HS0793,1685,3,2,7.5,69,1,461000.0
HS0794,3830,4,4.5,2.6,1,3,837000.0
HS0795,2119,4,3,8.9,53,3,636000.0
HS0796,2997,6,6,1.4,74,2,650300.0
HS0797,2262,3,2,1.4,76,2,440300.0
HS0798,3608,5,5.5,2.7,20,2,799600.0
HS0799,3186,4,4.5,7.9,67,1,782900.0
HS0800,3785,6,5.5,9.1,75,1,918700.0
HS0801,2434,4,4.5,8.4,66,2,690400.0
HS0802,1279,3,2.5,5.0,79,1,394900.0
HS0803,1570,3,2,9.7,31,0,553200.0
HS0804,2422,3,2.5,5.8,64,1,611900.0
HS0805,3280,6,5,5.4,37,2,831500.0
HS0806,1150,1,1,6.2,64,2,363500.0
HS0807,2848,5,4.5,9.3,27,3,827800.0
HS0808,2356,2,2.5,6.4,18,2,622000.0
HS0809,1330,4,4,5.3,12,1,455900.0
HS0810,1632,4,4.5,7.4,31,2,550800.0
HS0811,3684,6,5,6.8,10,2,918200.0
HS0812,4071,4,4.5,5.3,15,2,944200.0
HS0813,3356,6,6,1.9,79,2,716900.0
HS0814,3108,5,4,4.9,48,2,738100.0
HS0815,973,2,1,8.0,33,1,396500.0
HS0816,2710,5,5,4.7,47,2,655600.0
HS0817,1723,3,3,5.6,67,1,475700.0
HS0818,4153,6,5.5,7.9,18,1,995200.0
HS0819,3089,5,4.5,8.4,24,2,826000.0
HS0820,934,2,2.5,8.1,78,1,361100.0
HS0821,1649,3,2,5.4,75,0,432900.0
HS0822,2386,3,3.5,3.4,50,3,556500.0
HS0823,1612,2,1.5,5.8,35,0,431100.0
HS0824,2691,6,6.5,2.9,53,2,694400.0
HS0825,4376,6,6,2.6,44,2,944300.0
HS0826,1617,2,2,6.6,55,1,482600.0
HS0827,4266,4,3.5,6.7,62,2,943800.0
HS0828,966,2,2,9.4,0,0,445800.0
HS0829,2109,2,2.5,4.8,21,2,535800.0
HS0830,4136,4,4.5,4.0,61,2,887700.0
HS0831,1885,4,3,9.7,10,0,623300.0
HS0832,3985,4,4.5,8.3,77,2,941200.0
HS0833,1026,1,1,8.8,46,1,407100.0
HS0834,4171,5,5.5,1.6,79,2,815400.0
HS0835,2975,6,6.5,1.5,78,2,674100.0
HS0836,3214,5,4,8.6,9,1,862500.0
HS0837,3497,5,4,5.0,66,1,824300.0
HS0838,1127,2,2,6.0,43,1,354000.0
HS0839,2194,2,1,9.2,10,2,656800.0
HS0840,2084,2,1.5,6.0,21,3,563800.0
HS0841,1857,3,2,9.8,71,1,588000.0
HS0842,2881,5,4,1.5,63,2,630000.0
HS0843,2476,3,2.5,3.7,68,2,564300.0
HS0844,2454,2,1,1.8,59,2,501200.0
HS0845,4372,5,5.5,1.6,70,2,887700.0
HS0846,3540,5,5,1.5,68,3,744200.0
HS0847,3653,4,4,2.7,76,2,775800.0
HS0848,4048,6,5.5,9.1,76,3,1003500.0
HS0849,3834,4,3.5,1.5,23,2,789700.0
HS0850,1401,3,3.5,9.4,8,2,573800.0
HS0851,3634,4,3,2.3,72,2,742000.0
HS0852,2973,4,4,2.6,70,2,640900.0
HS0853,4256,4,4.5,3.8,6,2,910700.0
HS0854,4078,4,3,4.3,11,2,927600.0
HS0855,2470,4,3,8.9,20,3,736800.0
HS0856,974,2,2,3.5,21,2,326600.0
HS0857,4060,6,6,2.0,68,2,850900.0
HS0858,810,2,1.5,3.1,7,0,283700.0
HS0859,2930,4,3,8.8,49,1,756100.0
HS0860,1400,4,3.5,7.3,34,1,546500.0
HS0861,1135,1,1.5,8.1,26,1,430000.0
HS0862,1381,2,2,7.6,21,2,488300.0
HS0863,4257,4,4,3.6,5,2,934400.0
HS0864,2135,2,2,2.4,2,2,516300.0
HS0865,3110,4,4.5,9.4,40,1,835700.0
HS0866,2618,6,5.5,4.4,78,3,678800.0
HS0867,977,2,1,6.0,70,0,339000.0
HS0868,2048,3,3.5,6.3,37,2,551600.0
HS0869,4133,4,4,6.7,3,3,969900.0
HS0870,1715,3,3.5,5.4,70,1,449100.0
HS0871,4487,6,5,7.6,71,3,1039600.0
HS0872,1508,4,3,9.0,59,2,518800.0
HS0873,4267,5,5.5,6.6,53,2,983500.0
HS0874,1491,3,2.5,7.6,30,1,492600.0
HS0875,4270,5,4,5.8,24,2,963300.0
HS0876,2041,4,4,5.8,74,2,539100.0
HS0877,4075,5,5.5,4.1,40,2,903500.0
HS0878,1359,3,3.5,4.9,65,1,398200.0
HS0879,1183,1,1.5,5.2,6,1,362800.0
HS0880,3145,6,5.5,5.9,27,1,817400.0
HS0881,1939,3,3,1.2,32,0,451200.0
HS0882,3656,6,6.5,8.9,10,2,991200.0
HS0883,4483,6,5.5,4.3,80,3,958100.0
HS0884,1620,2,2.5,8.1,29,2,559800.0
HS0885,3443,4,3.5,3.8,11,2,768200.0
HS0886,2368,4,4,7.9,48,2,665900.0
HS0887,2470,2,1,4.6,12,2,593300.0
HS0888,965,2,1.5,3.7,56,1,287400.0
HS0889,1662,4,3.5,3.9,46,1,483300.0
HS0890,1952,4,4.5,9.4,48,1,651100.0
HS0891,3171,4,3.5,6.7,41,2,757100.0
HS0892,1249,4,4.5,5.6,55,1,426700.0
HS0893,939,1,1.5,6.3,63,1,320700.0
HS0894,3765,5,4.5,6.7,67,3,900200.0
HS0895,2307,3,3.5,4.5,18,2,592100.0
HS0896,3969,4,3.5,6.6,41,1,909100.0
HS0897,3344,4,4,6.2,12,2,825100.0
HS0898,3704,6,5,5.3,43,2,863700.0
HS0899,1783,2,2.5,5.4,39,2,501800.0
HS0900,1915,2,2.5,6.5,45,1,525000.0
HS0901,2544,4,3.5,6.3,53,1,667600.0
HS0902,995,1,1,5.9,53,2,314600.0
HS0903,2749,4,4.5,3.4,0,2,680700.0
HS0904,2209,2,1.5,2.3,41,1,478300.0
HS0905,1451,4,3.5,5.6,58,1,451700.0
HS0906,2765,4,3,5.7,31,2,700200.0
HS0907,2223,3,2.5,4.0,50,2,521000.0
HS0908,1581,4,3,1.1,67,0,361200.0
HS0909,2227,4,3.5,2.4,36,2,517600.0
HS0910,819,1,1.5,9.2,44,0,389100.0
HS0911,2163,4,4.5,5.5,33,2,593600.0
HS0912,1178,1,1.5,4.8,9,2,368100.0
HS0913,4115,5,4.5,3.9,34,1,891000.0
HS0914,1014,2,1,2.7,68,1,272500.0
HS0915,2991,5,5,6.6,24,2,789700.0
HS0916,2757,5,5,3.3,9,2,682200.0
HS0917,921,1,1.5,9.9,14,2,471100.0
HS0918,4373,5,4,2.8,7,1,934800.0
HS0919,1887,4,4.5,8.6,60,2,604300.0
HS0920,2865,6,5,7.8,53,2,790000.0
HS0921,4247,4,4.5,3.7,27,2,948900.0
HS0922,3033,4,4.5,1.3,22,1,680900.0
HS0923,1436,4,3.5,3.9,55,2,425800.0
HS0924,1384,2,2,6.9,69,1,433000.0
HS0925,2268,4,3.5,4.2,54,2,549900.0
HS0926,4469,5,4.5,5.2,74,1,953500.0
HS0927,2290,3,2.5,8.4,15,2,640700.0
HS0928,3667,5,4.5,9.3,64,2,927100.0
HS0929,2851,4,4,7.3,19,2,760700.0
HS0930,3696,5,4.5,1.7,46,1,771600.0
HS0931,2606,6,6,1.4,2,2,655000.0
HS0932,2280,4,4,1.1,29,2,520400.0
HS0933,2305,2,1,1.3,27,3,498600.0
HS0934,4220,5,5.5,1.4,10,1,870700.0
HS0935,3517,6,5.5,3.3,3,2,848500.0
HS0936,2504,6,6.5,8.9,68,1,768400.0
HS0937,2402,3,2.5,6.7,21,2,619300.0
HS0938,3983,5,5.5,2.5,76,2,821700.0
HS0939,1871,3,2,4.1,41,0,465800.0
HS0940,2260,3,3,4.6,31,2,585800.0
HS0941,3970,6,6.5,1.1,73,2,815100.0
HS0942,1379,2,2,4.9,18,1,406400.0
HS0943,4103,5,4.5,8.2,31,2,1008400.0
HS0944,1254,2,2.5,6.2,55,0,433900.0
HS0945,3641,4,3.5,1.5,53,1,707400.0
HS0946,3177,5,4,9.2,44,2,850700.0
HS0947,2214,4,3,4.1,69,2,549400.0
HS0948,3183,6,5.5,3.3,16,2,778000.0
HS0949,3514,4,3,1.6,6,3,746900.0
HS0950,4128,5,4,8.9,26,2,1003600.0
HS0951,1171,2,2.5,2.9,53,2,308500.0
HS0952,3618,5,5.5,8.9,39,2,919800.0
HS0953,4419,6,5,7.7,56,3,1030700.0
HS0954,1814,4,3.5,2.1,12,0,456600.0
HS0955,2667,4,4,8.1,46,1,722700.0
HS0956,4313,6,6.5,5.5,12,2,1026700.0
HS0957,1242,2,1,2.5,38,1,313800.0
HS0958,2808,4,4,5.2,28,1,702200.0
HS0959,2489,4,4,8.0,35,3,688200.0
HS0960,3897,5,5,8.7,44,2,964200.0
HS0961,4296,4,3.5,6.6,3,1,997300.0
HS0962,4182,5,5,3.0,13,2,916500.0
HS0963,960,2,2,7.2,41,0,383200.0
HS0964,1286,4,3,2.7,52,1,332400.0
HS0965,2735,4,4.5,4.5,57,2,643700.0
HS0966,3982,4,3,1.5,21,2,811700.0
HS0967,1977,3,2,2.3,11,1,475200.0
HS0968,1169,2,1,7.3,20,2,418900.0
HS0969,1943,2,2,1.9,56,1,421800.0
HS0970,1375,2,2.5,9.3,52,2,471500.0
HS0971,1301,4,3,6.8,14,0,484300.0
HS0972,4005,6,5,6.6,79,3,929000.0
HS0973,1909,2,2,7.3,65,0,516800.0
HS0974,1648,2,1.5,1.6,72,1,351600.0
HS0975,1446,3,3,7.5,66,2,460800.0
HS0976,1256,4,3,1.4,64,1,350500.0
HS0977,1049,2,1.5,1.2,73,1,214300.0
HS0978,3182,5,5,9.6,49,1,850500.0
HS0979,1666,2,1.5,1.3,36,1,353800.0
HS0980,3160,4,3.5,7.1,24,2,798200.0
HS0981,2587,5,4.5,4.0,44,2,634700.0
HS0982,1026,2,1.5,6.4,32,1,358000.0
HS0983,2532,6,6,4.0,26,2,649600.0
HS0984,2173,2,2,9.4,75,3,630400.0
HS0985,2649,4,3,3.0,76,2,610400.0
HS0986,3367,4,3,8.4,3,2,902300.0
HS0987,3426,4,4.5,5.4,15,2,801400.0
HS0988,4344,4,4,3.5,57,3,919700.0
HS0989,2250,4,3,1.3,65,2,467700.0
HS0990,1323,2,2.5,5.5,60,1,381200.0
HS0991,1724,4,3,3.2,12,2,478600.0
HS0992,3848,4,4,2.5,4,2,868000.0
HS0993,1121,2,1,9.2,45,0,412800.0
HS0994,946,1,1.5,1.6,68,2,213000.0
HS0995,2997,5,5,1.8,17,3,693300.0
HS0996,3025,5,5.5,6.9,68,2,770500.0
HS0997,4259,5,4,8.4,77,3,989600.0
HS0998,1448,3,2,7.1,65,1,462300.0
HS0999,1246,3,3.5,2.2,49,2,365300.0
HS1000,2778,6,5,5.8,74,2,710200.0
