Song_ID,Genre,Tempo,Chroma_STFT,Spectral_Centroid,Spectral_Bandwidth,Rolloff,Zero_Crossing_Rate,MFCC_1,MFCC_2,MFCC_3,MFCC_4,MFCC_5
HIP175,Hip-Hop,101.3,0.4125,2674.3,2226.1,4993.1,0.1145,-85.13,93.6,0.57,38.09,-2.93
HIP151,Hip-Hop,106.0,0.4299,2228.9,2194.3,5928.3,0.0834,-110.52,97.55,-3.45,41.86,-2.23
CLA008,Classical,71.6,0.1529,1146.2,1119.4,1792.3,0.0451,-262.72,140.05,-10.01,17.15,-6.92
CLA176,Classical,82.1,0.151,978.3,1084.9,1820.1,0.0323,-216.93,154.92,-22.46,26.21,-5.86
POP122,Pop,129.3,0.4104,2399.5,2243.8,5875.8,0.1166,-97.79,91.18,-7.49,23.37,-8.19
ROC045,Rock,118.5,0.3956,2204.2,2243.3,6528.7,0.113,-104.05,103.26,-37.44,12.51,-21.21
HIP011,Hip-Hop,101.1,0.4448,2114.5,2403.9,5646.8,0.0927,-122.69,93.77,-9.68,38.74,7.41
POP107,Pop,140.3,0.445,2450.6,2409.9,5219.4,0.0974,-89.45,84.0,-23.18,37.63,-22.8
HIP192,Hip-Hop,101.9,0.4616,2601.2,2411.4,4551.2,0.1303,-79.72,109.81,-9.18,43.45,-6.8
JAZ146,Jazz,101.4,0.3542,2299.4,1976.1,3061.4,0.1004,-154.04,92.6,4.51,21.07,3.29
HIP003,Hip-Hop,86.5,0.405,2125.8,2260.5,5101.5,0.1218,-114.75,92.41,-5.28,33.41,-4.68
HIP162,Hip-Hop,101.6,0.4717,2668.2,2327.5,5669.0,0.1115,-104.25,103.38,-3.17,37.14,-10.59
JAZ101,Jazz,109.6,0.2818,2029.8,1742.2,3905.9,0.0437,-197.45,108.02,10.32,26.28,7.82
ROC088,Rock,126.3,0.3725,2100.0,2005.3,4342.9,0.1111,-128.45,100.28,-31.04,21.0,-22.43
CLA012,Classical,78.7,0.1627,988.2,1078.1,1736.4,0.0466,-243.26,161.34,-28.41,14.7,-10.21
CLA054,Classical,65.4,0.2461,974.3,1184.1,2268.2,0.0365,-280.18,134.94,-10.08,11.19,1.07
HIP168,Hip-Hop,116.6,0.4034,2403.5,2268.3,4288.3,0.124,-104.23,91.53,-4.98,35.12,3.66
HIP061,Hip-Hop,103.8,0.4845,1989.1,2762.9,4655.1,0.0861,-109.88,69.88,-8.91,47.49,2.48
POP017,Pop,117.1,0.4489,2052.1,2276.8,5441.9,0.1325,-98.7,82.52,-22.33,37.02,-9.42
HIP051,Hip-Hop,89.8,0.487,2438.9,2532.8,5092.2,0.1096,-108.0,93.69,-7.29,37.73,-2.87
JAZ020,Jazz,118.3,0.344,1775.2,2008.7,3321.5,0.1006,-197.73,99.86,-7.89,26.12,1.73
CLA144,Classical,62.8,0.2874,1209.2,1532.0,2071.5,0.041,-235.48,144.49,-34.1,17.77,-11.7
ROC140,Rock,120.5,0.3715,2209.3,1890.7,4768.6,0.0851,-109.4,100.05,-32.23,13.9,-27.15
HIP007,Hip-Hop,96.5,0.4413,3038.2,2501.8,5216.3,0.1119,-105.3,110.78,-21.12,37.07,-2.7
HIP041,Hip-Hop,104.5,0.4399,2608.9,2142.8,5170.6,0.1152,-88.75,105.2,5.64,37.71,-0.9
CLA117,Classical,92.7,0.1518,768.2,1401.1,2216.8,0.0442,-259.45,165.67,-15.65,13.01,-8.91
CLA043,Classical,92.9,0.155,1165.0,1190.3,1974.9,0.0436,-262.66,117.98,-4.81,12.91,-4.95
POP071,Pop,112.1,0.4256,2353.5,2450.3,4857.7,0.1389,-65.01,88.77,-31.32,33.67,-2.76
CLA090,Classical,66.7,0.1586,955.9,1295.5,1986.6,0.0491,-258.81,131.21,-24.03,16.09,-7.77
JAZ176,Jazz,100.9,0.3328,1490.5,2039.1,4012.4,0.0824,-174.66,105.49,7.12,26.79,7.62
ROC173,Rock,132.6,0.4239,2394.6,2332.4,5209.5,0.0867,-129.71,101.96,-16.46,20.81,-11.87
JAZ055,Jazz,117.0,0.3684,1878.2,1759.9,2942.8,0.0833,-166.02,112.93,10.2,28.33,2.69
ROC035,Rock,119.4,0.384,2322.9,2155.7,6047.2,0.0976,-91.98,94.51,-38.89,25.64,-23.59
CLA136,Classical,80.9,0.2867,831.8,1166.0,2047.2,0.0413,-214.47,123.19,-34.69,19.54,-5.99
JAZ128,Jazz,97.8,0.3734,1752.6,1986.7,3265.4,0.1057,-190.27,113.68,14.29,23.08,3.66
JAZ182,Jazz,114.5,0.3575,1634.5,2141.3,3062.4,0.057,-196.27,97.54,17.62,22.62,3.74
ROC156,Rock,140.5,0.3883,2210.9,2030.2,4357.0,0.1291,-104.29,80.78,-23.57,19.81,-13.68
HIP087,Hip-Hop,95.7,0.4051,2215.1,1985.7,4221.9,0.1143,-117.03,96.11,-7.31,38.73,-7.24
JAZ166,Jazz,134.0,0.3753,2027.4,1675.7,3469.7,0.0742,-200.76,108.25,13.74,18.26,7.76
JAZ125,Jazz,102.4,0.3315,1475.7,1547.0,3184.2,0.0933,-165.95,101.74,-4.07,32.46,7.8
JAZ200,Jazz,131.8,0.3269,1825.1,1654.9,3763.0,0.0582,-178.07,105.1,-2.23,30.34,8.74
ROC054,Rock,128.3,0.4161,2161.5,1932.3,5110.8,0.13,-91.44,82.96,-15.71,11.16,-19.57
ROC029,Rock,136.4,0.4227,2091.2,2214.3,4123.5,0.1005,-80.36,88.54,-21.47,14.44,-15.55
HIP013,Hip-Hop,105.8,0.4692,2314.6,2573.3,5899.7,0.0889,-110.75,86.46,-2.42,31.69,-8.76
ROC082,Rock,102.2,0.4328,1801.5,2258.5,4529.9,0.0933,-99.87,98.44,-36.09,21.46,-25.05
JAZ050,Jazz,97.7,0.3245,1752.0,1776.7,3515.6,0.0717,-153.55,114.67,15.66,26.94,4.5
HIP095,Hip-Hop,91.0,0.4142,1914.8,2375.1,5149.6,0.1205,-77.58,79.82,-12.11,37.25,3.56
HIP156,Hip-Hop,90.8,0.4657,1956.3,2406.2,5069.4,0.1435,-89.7,87.36,-0.82,34.06,-4.64
JAZ035,Jazz,122.6,0.3016,2073.7,2090.6,4092.0,0.0856,-199.81,126.24,12.73,24.88,2.42
JAZ053,Jazz,108.7,0.3781,1770.8,1723.8,4184.4,0.0977,-150.68,121.0,11.48,35.29,5.94
POP045,Pop,138.1,0.3964,2402.4,2104.0,4449.4,0.101,-98.61,86.04,-9.19,27.1,-17.5
ROC124,Rock,118.0,0.3743,1865.1,2117.9,4631.0,0.1011,-110.62,71.4,-31.16,15.28,-20.16
POP007,Pop,123.2,0.4039,2088.4,2817.2,5310.4,0.1138,-100.3,86.41,-22.22,28.24,-12.81
HIP067,Hip-Hop,101.0,0.4029,1890.4,2590.0,5323.8,0.0685,-106.41,78.0,1.47,32.64,4.16
HIP147,Hip-Hop,80.2,0.4007,2354.8,2425.1,5108.6,0.1081,-99.36,113.92,-7.1,34.62,6.83
CLA040,Classical,82.4,0.2447,1147.6,1147.9,2103.5,0.0478,-195.9,162.47,-16.57,10.21,-7.65
POP186,Pop,109.3,0.4188,2702.3,2329.5,5339.0,0.1347,-85.07,74.77,-22.74,34.54,-21.33
HIP106,Hip-Hop,101.7,0.4368,2509.2,2389.5,4930.3,0.1214,-111.92,93.41,1.42,36.66,-6.01
CLA002,Classical,85.5,0.2263,978.0,1436.5,1958.3,0.0403,-196.99,184.16,-16.64,20.12,-6.73
POP018,Pop,111.6,0.4539,3058.7,2255.6,5350.5,0.1019,-92.06,83.59,-14.75,32.62,-6.16
JAZ136,Jazz,113.4,0.3189,1960.4,2127.5,3044.6,0.0772,-217.74,107.3,8.0,21.03,4.68
JAZ030,Jazz,127.7,0.3717,2034.2,1683.7,3357.3,0.0693,-177.19,113.23,15.17,31.39,7.62
HIP038,Hip-Hop,114.5,0.4555,2162.8,2387.2,4900.8,0.0915,-96.78,97.6,-5.21,39.08,2.95
POP149,Pop,129.4,0.4021,2938.9,2574.4,5692.6,0.1312,-101.36,89.66,-17.55,29.52,-3.91
HIP090,Hip-Hop,94.3,0.4277,2155.5,1993.7,5101.4,0.0882,-90.89,90.55,-0.36,37.96,3.15
JAZ169,Jazz,133.8,0.2826,1764.2,1862.3,3596.8,0.1001,-190.31,97.3,15.11,20.5,-4.82
ROC153,Rock,130.5,0.4347,2755.3,2371.5,5403.0,0.0882,-127.07,91.98,-32.94,28.33,-14.99
ROC163,Rock,119.7,0.435,2215.0,2068.6,4501.8,0.1321,-115.68,89.13,-21.56,16.61,-10.79
HIP172,Hip-Hop,90.3,0.4977,2004.5,2248.1,5692.3,0.1161,-80.02,102.77,-8.49,34.09,-2.38
HIP128,Hip-Hop,104.3,0.4335,2194.2,2331.1,5096.1,0.0986,-134.65,95.99,-2.91,34.4,-2.64
JAZ192,Jazz,108.9,0.3772,1945.0,1851.3,2784.5,0.0819,-178.44,105.63,-6.79,23.38,4.66
POP013,Pop,115.7,0.447,2001.8,2233.1,4715.0,0.134,-76.81,67.91,-25.94,27.91,-11.27
JAZ043,Jazz,103.6,0.3279,1617.6,1716.6,3861.7,0.0675,-155.63,110.46,19.58,16.48,8.67
POP055,Pop,122.6,0.4767,2387.1,2477.4,4509.5,0.1245,-92.64,90.31,-32.64,40.39,-7.68
HIP115,Hip-Hop,92.9,0.4221,2422.9,2301.3,4321.3,0.0577,-107.57,90.51,-1.23,40.4,-4.81
CLA001,Classical,88.9,0.2666,699.5,931.5,2451.3,0.0262,-263.54,173.85,-25.07,18.7,-8.78
JAZ047,Jazz,120.2,0.2927,2101.9,2252.0,3225.1,0.0823,-178.55,130.04,19.56,26.35,-3.48
HIP086,Hip-Hop,97.1,0.4394,2509.1,2117.4,5109.2,0.1076,-75.32,99.5,0.74,30.36,-7.84
CLA052,Classical,98.8,0.2822,688.6,1175.4,1772.0,0.0563,-252.24,143.35,-9.72,20.05,-9.87
POP079,Pop,127.2,0.4747,2649.5,2557.5,4904.8,0.1022,-89.99,107.12,-23.54,32.45,-8.15
HIP084,Hip-Hop,92.5,0.4753,2453.4,2830.0,4123.1,0.1204,-113.1,100.24,-7.17,41.91,0.78
JAZ100,Jazz,139.4,0.3181,1794.6,1672.4,3827.4,0.0708,-184.24,122.85,12.04,26.02,-7.88
HIP137,Hip-Hop,95.7,0.4222,2163.6,2511.1,5430.6,0.1033,-71.73,94.8,-11.15,33.61,-3.24
POP187,Pop,145.1,0.3986,2252.8,2237.5,4638.9,0.1263,-79.71,76.82,-12.3,31.96,-7.94
CLA191,Classical,75.7,0.1847,949.0,1128.6,1633.6,0.0326,-234.36,112.39,-15.91,14.86,-7.99
POP116,Pop,121.6,0.4564,2894.0,2749.0,5927.6,0.1376,-73.98,89.98,-14.35,47.09,-11.29
CLA100,Classical,84.3,0.2496,918.7,1223.0,1714.0,0.0487,-204.86,158.72,-12.46,11.97,-4.87
HIP025,Hip-Hop,104.2,0.4035,2248.2,2315.8,4022.8,0.0958,-109.17,116.08,-5.66,41.25,0.01
HIP196,Hip-Hop,93.2,0.4528,2570.1,2255.2,5919.0,0.0889,-78.58,96.85,-13.77,42.8,-7.15
HIP185,Hip-Hop,95.3,0.4917,2603.0,2418.2,5308.1,0.1352,-100.21,81.84,-3.25,43.91,-2.83
ROC039,Rock,156.2,0.3574,1681.1,2197.0,4596.6,0.1167,-107.71,81.12,-21.58,25.48,-18.89
HIP030,Hip-Hop,98.6,0.4834,2169.0,2469.1,4386.8,0.1026,-91.39,84.29,-6.49,28.12,-1.75
ROC071,Rock,114.7,0.4051,1661.8,2371.8,5093.6,0.1151,-126.21,93.9,-26.85,22.89,-7.7
ROC081,Rock,146.7,0.3709,2013.7,2198.8,3659.7,0.1121,-124.28,81.61,-29.51,16.74,-21.03
ROC057,Rock,126.2,0.4374,2291.4,2344.4,4670.9,0.1117,-99.08,97.05,-37.55,24.73,-20.46
HIP088,Hip-Hop,102.1,0.415,2670.2,2365.8,4776.3,0.1011,-110.39,83.69,-7.08,35.6,-5.1
POP163,Pop,129.0,0.4463,2374.3,2033.9,5018.3,0.1219,-103.56,85.98,-16.56,30.56,-5.34
CLA153,Classical,83.4,0.2679,1179.4,1375.3,1993.3,0.0521,-291.2,145.22,-26.54,10.83,-6.37
CLA062,Classical,91.6,0.1974,589.4,1332.1,1852.0,0.031,-239.64,150.22,-13.15,14.23,-0.9
JAZ032,Jazz,115.5,0.3485,1392.9,1788.0,3512.6,0.0801,-226.01,113.73,3.39,19.64,5.1
HIP189,Hip-Hop,93.2,0.4924,2954.1,1964.6,4843.4,0.1252,-76.26,104.5,-21.71,36.32,-4.02
HIP159,Hip-Hop,115.8,0.4708,2502.0,2479.4,4865.4,0.1241,-106.14,99.42,-2.43,52.89,10.13
HIP165,Hip-Hop,111.7,0.4979,2296.0,2165.4,4938.9,0.1081,-99.49,79.49,-5.73,32.99,-6.03
ROC100,Rock,112.1,0.404,2547.6,1841.6,4813.8,0.1104,-90.76,90.27,-32.58,12.21,-25.08
ROC191,Rock,126.9,0.3972,2336.9,2190.4,3805.9,0.0963,-131.31,90.22,-31.25,24.67,-16.95
POP063,Pop,119.3,0.4691,2339.4,2413.5,5423.1,0.1181,-92.34,86.59,-15.68,37.66,-6.49
POP094,Pop,115.5,0.4446,2239.0,2486.1,5815.5,0.1478,-74.12,59.71,-15.19,37.01,-1.81
HIP187,Hip-Hop,102.7,0.4631,2552.5,2296.4,4783.4,0.1263,-108.89,106.72,-4.11,37.53,3.54
JAZ199,Jazz,107.6,0.3794,1728.3,1700.7,2822.4,0.0682,-171.45,115.65,18.41,24.45,-2.08
JAZ091,Jazz,108.5,0.3165,1565.4,1576.7,3393.1,0.0857,-208.77,101.04,4.69,23.56,7.87
JAZ016,Jazz,95.8,0.3581,1750.6,2313.0,3756.3,0.1037,-173.4,102.34,20.97,21.17,0.23
ROC018,Rock,116.0,0.3907,2103.2,2173.4,4738.1,0.1288,-98.79,84.53,-45.86,11.52,-22.51
POP040,Pop,114.0,0.4416,2833.4,2262.5,4600.3,0.1478,-141.23,77.77,-4.77,33.14,-7.15
JAZ051,Jazz,117.8,0.3533,1594.9,1644.1,3548.7,0.0707,-209.79,134.76,6.83,24.03,5.91
CLA011,Classical,84.1,0.2084,1473.1,1134.5,1579.2,0.035,-245.5,177.4,-38.06,3.87,-0.27
POP023,Pop,125.1,0.4539,2154.5,2527.5,5339.5,0.115,-98.42,86.76,-25.07,29.46,-23.11
POP165,Pop,112.2,0.4787,2070.3,2214.6,5362.9,0.15,-79.39,93.35,-10.44,32.23,-3.21
JAZ143,Jazz,113.1,0.2831,1570.2,2084.5,3571.5,0.0862,-231.13,102.66,-1.6,35.5,10.22
HIP078,Hip-Hop,101.9,0.4134,2568.6,2268.5,5359.3,0.117,-106.89,112.81,-6.12,45.45,-9.96
ROC129,Rock,155.4,0.3876,1968.2,2300.0,4836.0,0.1219,-99.7,83.13,-35.36,6.51,-14.61
JAZ181,Jazz,116.6,0.3369,1810.4,1964.9,3310.0,0.0722,-150.27,108.67,5.72,27.54,0.95
CLA119,Classical,79.2,0.2346,1050.0,1110.1,1631.5,0.0514,-249.22,170.22,-25.31,16.94,-8.02
CLA082,Classical,83.6,0.2482,614.9,1233.8,2353.8,0.0506,-234.78,145.93,-1.61,16.01,-7.35
JAZ103,Jazz,94.1,0.3669,1572.1,1880.9,4091.3,0.0771,-152.56,120.17,14.77,29.43,1.97
HIP108,Hip-Hop,93.1,0.4197,3031.7,2509.8,4977.3,0.0973,-107.74,87.72,-12.13,43.87,1.29
HIP027,Hip-Hop,83.7,0.4157,2040.4,2299.0,5141.0,0.1172,-94.89,87.11,-5.2,35.9,-0.1
CLA138,Classical,86.4,0.2858,1075.5,1175.7,1857.5,0.049,-290.18,140.75,-15.75,17.71,-4.19
POP087,Pop,117.8,0.3999,2150.3,2751.0,4417.7,0.1509,-101.61,70.71,-17.23,46.66,-20.95
CLA103,Classical,93.3,0.1998,1389.0,1097.7,1474.4,0.046,-345.93,167.91,-24.6,12.96,-0.26
JAZ059,Jazz,101.4,0.2973,1592.5,1596.5,2684.3,0.0736,-195.03,110.2,8.56,26.06,1.9
HIP016,Hip-Hop,106.9,0.4263,2030.8,2064.6,5398.5,0.125,-103.7,77.35,-15.52,47.81,3.69
CLA049,Classical,99.6,0.2482,745.0,1313.0,1879.9,0.0637,-265.15,143.02,-18.62,16.35,-14.88
HIP035,Hip-Hop,77.7,0.4949,1970.5,2676.5,5363.7,0.1113,-103.2,80.3,-6.87,45.04,-2.66
JAZ008,Jazz,105.7,0.2979,1373.5,1932.1,2946.9,0.0856,-151.14,115.09,20.71,17.17,-9.8
CLA155,Classical,65.5,0.2829,993.9,790.7,1773.7,0.0396,-254.5,155.3,-14.37,15.25,-5.6
JAZ045,Jazz,100.9,0.3629,1680.4,1690.6,3332.9,0.064,-177.22,117.08,7.26,22.12,13.61
HIP014,Hip-Hop,95.6,0.4546,2539.0,2593.8,5078.4,0.0902,-100.35,84.5,-1.79,42.2,-5.68
HIP101,Hip-Hop,91.5,0.4636,2500.3,2091.4,5221.3,0.1029,-87.31,90.22,4.78,36.08,-3.81
JAZ168,Jazz,104.2,0.3316,1615.4,1823.9,4135.1,0.1017,-201.88,98.03,8.88,36.13,4.22
ROC107,Rock,98.1,0.3714,2336.1,2256.4,4432.2,0.1159,-92.6,88.17,-29.35,25.83,-23.71
JAZ070,Jazz,94.8,0.3792,1682.3,1851.5,2989.6,0.077,-145.85,121.66,2.74,26.02,11.82
CLA019,Classical,83.7,0.1865,1090.9,1331.6,1581.7,0.0449,-285.1,183.94,-17.4,13.89,-9.67
CLA149,Classical,80.8,0.2864,999.8,1025.4,2170.9,0.0316,-238.61,127.31,-13.3,9.85,-5.92
ROC059,Rock,123.2,0.3955,1753.1,1983.3,4741.9,0.1312,-140.33,84.69,-37.63,24.81,-24.58
POP176,Pop,115.5,0.3959,2749.0,2359.1,4742.9,0.1347,-84.14,82.31,-3.48,36.6,-11.59
JAZ173,Jazz,118.0,0.3117,2074.4,1672.3,3618.1,0.0888,-208.33,102.35,13.91,31.97,7.75
ROC004,Rock,122.2,0.3954,2227.5,2184.9,4927.7,0.0794,-136.24,94.98,-39.02,19.34,-16.24
CLA104,Classical,93.0,0.2878,596.7,1097.1,1888.7,0.0285,-268.45,119.23,-20.43,22.19,-3.61
ROC034,Rock,125.9,0.3893,2401.0,2040.9,4529.2,0.1216,-121.43,95.02,-28.39,14.05,-11.16
JAZ031,Jazz,78.9,0.3233,1765.2,1598.2,3371.8,0.0912,-183.64,107.96,17.3,28.74,5.57
POP002,Pop,114.8,0.4608,2876.9,2378.8,5555.4,0.1081,-94.63,73.13,-4.79,33.97,-11.88
JAZ011,Jazz,119.7,0.2915,1955.9,1663.8,3564.6,0.0917,-224.3,102.11,-0.65,22.14,7.6
CLA091,Classical,77.0,0.292,766.5,1219.1,1805.4,0.0479,-312.56,146.03,-28.85,18.07,-7.36
POP058,Pop,108.2,0.4452,2323.9,2369.5,5215.2,0.1176,-94.79,70.7,-12.12,47.79,-12.68
POP096,Pop,120.0,0.4112,3167.2,2416.0,5523.1,0.1439,-115.83,97.72,-9.95,32.22,-7.65
JAZ154,Jazz,109.1,0.2979,1962.9,2003.8,2514.1,0.0785,-139.05,84.97,12.99,22.51,-0.16
CLA167,Classical,76.7,0.2199,1120.9,1271.3,1982.6,0.0425,-315.56,131.64,-13.17,14.78,-2.85
POP140,Pop,120.3,0.4777,2642.4,2300.4,4767.4,0.1283,-82.57,95.57,-21.97,38.91,-5.64
POP155,Pop,113.6,0.4491,2442.3,2464.4,5284.9,0.1385,-55.17,80.67,-18.3,38.0,-9.01
ROC091,Rock,106.5,0.3788,1969.2,1997.7,5075.3,0.094,-76.86,77.9,-6.15,22.83,-23.2
JAZ069,Jazz,103.9,0.3416,1718.4,1740.9,4047.5,0.084,-201.86,103.39,17.1,16.59,3.76
CLA130,Classical,77.5,0.1917,1121.9,1124.5,2105.5,0.0266,-205.14,141.85,-16.89,10.01,-8.15
JAZ141,Jazz,125.1,0.3781,1680.5,2052.3,4011.8,0.1129,-171.54,120.13,12.65,30.1,4.66
HIP146,Hip-Hop,101.3,0.44,2082.9,2286.1,5431.0,0.1132,-86.1,100.82,-12.9,34.7,-9.07
JAZ024,Jazz,99.0,0.3239,1818.8,2260.7,3659.6,0.0723,-199.04,97.56,-1.48,28.94,8.43
POP099,Pop,94.3,0.4643,2352.2,2873.1,5742.3,0.1267,-77.19,76.28,-20.66,48.57,-8.35
CLA180,Classical,95.7,0.2455,1062.4,1304.3,1512.5,0.034,-257.86,157.88,-21.84,18.66,1.19
CLA070,Classical,82.4,0.2015,928.9,1384.6,2070.7,0.034,-278.41,151.31,-28.93,18.83,-9.62
ROC176,Rock,117.5,0.4217,1933.5,2279.0,4647.4,0.1009,-145.21,93.39,-32.88,23.59,-17.1
ROC061,Rock,146.1,0.3795,2464.6,1897.8,4483.9,0.1418,-103.7,96.87,-28.4,14.43,-28.39
CLA038,Classical,81.7,0.2472,779.2,1138.6,1878.8,0.0314,-209.6,136.43,-24.9,15.44,3.77
ROC066,Rock,95.5,0.3738,1803.6,2028.5,4355.1,0.1108,-109.08,97.21,-48.38,17.9,-19.46
CLA021,Classical,73.9,0.2872,1061.6,1277.6,1812.4,0.0181,-303.31,158.54,-20.3,14.95,-2.66
JAZ165,Jazz,126.0,0.3299,1388.6,2155.6,3513.3,0.061,-140.68,95.56,11.61,20.93,5.49
POP199,Pop,128.8,0.3968,2601.7,2392.7,5378.8,0.1239,-93.32,79.48,-3.21,50.71,-12.69
JAZ061,Jazz,100.6,0.3356,1721.4,1751.0,3379.7,0.0734,-177.92,134.86,11.3,25.24,8.17
JAZ102,Jazz,106.9,0.369,1840.5,1816.2,3072.5,0.083,-201.79,131.95,18.57,28.93,3.89
CLA092,Classical,83.3,0.1558,1122.1,1240.1,1959.5,0.0503,-215.88,195.39,-32.86,20.21,-4.77
POP028,Pop,112.4,0.4326,2061.2,2503.9,6169.0,0.1135,-76.29,81.19,-16.32,33.26,-8.33
CLA017,Classical,85.5,0.1631,1104.4,1426.3,2210.1,0.0466,-225.09,166.63,-5.12,22.61,-2.06
ROC026,Rock,155.5,0.4026,1622.7,2646.1,4245.6,0.1141,-91.54,99.24,-46.79,23.14,-18.02
ROC177,Rock,133.2,0.3707,2201.4,2184.7,4811.9,0.1133,-111.75,93.78,-26.32,7.67,-20.44
HIP157,Hip-Hop,106.0,0.4241,2116.8,2586.0,4826.5,0.0749,-130.52,98.85,0.11,42.23,-2.05
POP083,Pop,122.9,0.46,2451.9,2676.3,5766.8,0.0586,-101.3,77.25,-1.83,36.1,-7.92
JAZ039,Jazz,90.7,0.3228,1633.9,1618.6,4268.7,0.0567,-182.92,115.11,12.46,26.31,4.91
CLA156,Classical,77.3,0.2724,845.5,1145.6,1861.6,0.0378,-255.55,143.95,-19.37,22.78,0.94
POP131,Pop,114.3,0.3897,2246.4,2214.4,5212.0,0.1137,-74.97,99.28,-6.2,49.58,-14.89
POP100,Pop,139.1,0.4716,2858.2,2319.1,4602.3,0.115,-118.96,90.26,-18.44,32.08,-6.73
ROC028,Rock,144.7,0.4259,1927.7,2325.2,5143.0,0.1066,-98.06,91.69,-45.74,15.03,-15.04
ROC075,Rock,135.0,0.3621,2247.8,2271.3,4782.9,0.0947,-101.84,86.88,-39.81,33.57,-18.96
JAZ108,Jazz,106.4,0.3442,2312.6,1957.7,2972.9,0.081,-199.62,94.97,-0.89,29.41,1.47
CLA196,Classical,66.9,0.2397,682.5,1135.6,1690.2,0.0186,-248.19,143.69,-24.16,8.34,-4.13
JAZ131,Jazz,104.0,0.356,2063.2,1880.6,3820.1,0.1091,-169.32,112.0,15.37,32.59,-1.45
CLA151,Classical,69.8,0.2049,1230.7,1499.4,2441.8,0.0475,-254.59,127.4,-16.13,10.01,-7.67
POP193,Pop,117.3,0.4369,2428.0,1979.4,5293.8,0.1275,-106.31,71.09,-18.58,42.22,-4.09
JAZ002,Jazz,99.5,0.3695,1944.4,2169.8,4061.9,0.0476,-190.32,106.59,11.29,20.46,1.9
POP146,Pop,117.9,0.405,2335.8,2519.0,4337.7,0.0946,-78.1,95.08,-24.98,38.97,-5.21
ROC174,Rock,120.4,0.4176,2259.7,2319.4,4466.0,0.1013,-113.16,100.04,-13.84,22.18,-15.46
HIP060,Hip-Hop,88.5,0.4717,2055.8,2481.1,5435.7,0.0794,-111.86,80.86,-1.33,42.24,-3.38
POP110,Pop,139.4,0.4363,2528.1,2470.5,6033.7,0.1253,-90.03,82.19,-26.27,36.38,-12.25
HIP135,Hip-Hop,105.7,0.4236,1764.4,2241.5,4968.4,0.0938,-114.16,94.21,1.7,41.98,-2.12
ROC178,Rock,99.7,0.4281,1956.8,2209.9,4808.6,0.1243,-123.38,80.76,-31.52,18.86,-14.99
ROC092,Rock,118.8,0.4332,2200.7,2169.2,4804.3,0.0676,-117.26,71.74,-33.2,16.0,-28.6
CLA152,Classical,78.6,0.1598,883.1,1277.2,1433.6,0.0567,-240.68,146.96,-35.96,15.18,-5.19
POP162,Pop,126.3,0.4695,2374.1,2037.8,5181.1,0.1029,-120.72,68.92,-15.81,32.82,-10.16
CLA041,Classical,88.8,0.203,994.4,1302.2,1842.8,0.0401,-246.47,149.74,-9.03,13.39,0.99
POP038,Pop,118.0,0.4438,2676.6,2364.7,5184.7,0.1447,-116.95,85.31,-9.65,35.25,-10.29
JAZ007,Jazz,98.5,0.315,1464.1,2094.8,2727.4,0.064,-152.66,94.22,15.96,27.5,2.89
POP010,Pop,111.4,0.3985,2080.3,2298.8,5048.3,0.1216,-85.9,97.35,-29.83,36.82,-9.06
POP194,Pop,107.7,0.4487,1911.4,2498.1,5387.1,0.1356,-94.86,89.29,-12.18,38.11,-8.97
ROC096,Rock,129.0,0.4052,2255.1,2066.7,4029.2,0.0725,-115.92,82.95,-34.57,26.59,-19.61
JAZ198,Jazz,72.9,0.3077,1518.9,1774.1,3860.9,0.0877,-110.92,90.5,14.29,28.24,0.51
CLA045,Classical,92.8,0.2669,1031.3,1386.2,2348.5,0.032,-255.21,145.83,-22.15,11.68,-2.44
POP073,Pop,113.2,0.3884,2373.6,2725.6,5104.5,0.1147,-118.61,71.64,-20.28,27.59,-8.5
ROC158,Rock,128.9,0.4014,2070.9,2405.5,4523.8,0.0765,-128.58,92.22,-35.92,21.74,-8.81
POP089,Pop,109.0,0.401,2429.5,2418.1,4744.9,0.0998,-113.69,74.29,-28.19,30.47,-4.83
ROC098,Rock,110.2,0.412,2188.5,2095.5,4323.3,0.1208,-102.01,84.59,-34.86,21.89,-26.17
CLA096,Classical,84.1,0.1735,848.4,1343.9,1902.7,0.0528,-274.21,150.97,-21.03,12.66,-1.87
CLA142,Classical,81.1,0.285,578.9,1318.5,2308.8,0.0333,-257.91,141.85,-7.44,13.67,1.39
HIP031,Hip-Hop,94.2,0.4368,2728.3,2409.3,4921.4,0.102,-106.2,95.27,-7.2,36.42,-4.97
CLA198,Classical,90.3,0.2938,1107.0,1277.4,2328.0,0.0433,-247.48,130.14,-22.23,19.18,-0.28
CLA120,Classical,95.2,0.2525,886.9,1125.4,2342.9,0.0267,-224.88,131.51,-21.04,8.6,-10.11
CLA110,Classical,78.9,0.2054,1041.3,1470.6,2143.8,0.0502,-225.53,177.29,-9.91,23.11,2.04
JAZ185,Jazz,79.4,0.3665,1911.5,1866.3,3444.8,0.0812,-189.67,112.02,7.02,18.54,10.32
HIP058,Hip-Hop,96.0,0.4414,2096.6,2353.8,5105.8,0.0687,-92.68,89.89,-3.09,36.68,-5.58
HIP033,Hip-Hop,113.4,0.46,2157.8,2357.6,4608.1,0.0826,-97.55,118.87,-15.27,40.29,-0.79
ROC186,Rock,124.6,0.4169,2265.1,2479.8,3695.3,0.128,-104.31,89.9,-36.42,19.73,-22.06
ROC093,Rock,90.4,0.4295,2441.7,2143.9,4189.5,0.1301,-69.17,81.29,-29.23,25.92,-27.05
JAZ012,Jazz,94.9,0.2989,1976.6,1812.4,2861.9,0.0664,-177.88,98.26,11.38,27.96,-1.09
ROC058,Rock,130.9,0.3842,2610.4,2189.1,3843.8,0.1058,-86.49,83.82,-36.84,19.54,-18.72
CLA058,Classical,84.5,0.1771,821.2,1028.3,1739.0,0.0375,-266.53,152.89,-24.73,7.88,-10.2
POP120,Pop,114.2,0.45,1792.6,2492.2,6015.7,0.1452,-92.23,88.32,-15.21,27.36,-4.71
ROC142,Rock,99.8,0.3777,2143.7,1953.2,4319.3,0.1168,-106.46,79.52,-26.97,26.19,-15.73
HIP125,Hip-Hop,99.5,0.4548,2483.0,2473.8,5529.8,0.1161,-112.1,109.22,-3.6,48.65,-4.77
JAZ036,Jazz,104.9,0.2867,1310.0,1767.6,3876.8,0.0548,-132.04,115.11,8.27,24.07,3.46
POP103,Pop,109.7,0.4291,2193.8,2154.7,4857.5,0.1231,-110.96,73.48,-26.01,38.58,-9.68
CLA073,Classical,79.6,0.197,1254.6,1255.0,1766.9,0.0381,-232.59,142.51,-17.12,16.76,-6.75
POP113,Pop,118.7,0.4047,2818.3,2513.1,4466.9,0.1274,-68.55,100.36,-14.21,41.07,-9.38
ROC046,Rock,106.8,0.3509,2003.3,2340.4,4578.1,0.1067,-112.69,96.28,-22.72,11.68,-18.05
JAZ080,Jazz,92.6,0.2984,1937.8,1824.8,3693.0,0.0864,-216.16,124.09,22.22,32.46,5.53
CLA042,Classical,75.0,0.2526,951.1,1269.6,2121.1,0.0398,-255.42,160.63,-19.16,17.44,-4.85
POP070,Pop,100.7,0.4234,2326.2,2316.0,5406.9,0.1522,-93.14,77.01,-11.84,31.64,-7.33
CLA159,Classical,82.4,0.2561,914.8,1131.2,1884.8,0.0441,-245.72,156.59,-22.18,17.88,-2.56
ROC139,Rock,126.0,0.4243,2326.8,2546.2,5175.0,0.1319,-148.45,76.91,-30.78,25.98,-26.43
HIP092,Hip-Hop,80.1,0.4892,2589.1,2085.4,3660.4,0.095,-106.62,106.37,-5.95,41.43,-9.01
POP078,Pop,113.8,0.4221,2914.0,2565.1,5290.1,0.1467,-99.36,101.39,-13.34,37.12,-8.57
ROC133,Rock,143.9,0.4247,2409.5,2286.5,4351.7,0.1196,-102.79,93.26,-34.57,18.11,-15.28
JAZ040,Jazz,78.1,0.2957,2005.0,2069.6,3299.7,0.0616,-153.76,96.5,4.62,17.12,10.52
ROC104,Rock,138.8,0.4391,2305.5,2249.4,4625.7,0.14,-101.21,86.7,-25.41,20.5,-16.52
ROC110,Rock,115.7,0.3695,2363.4,1902.4,5195.8,0.134,-126.71,90.2,-33.26,18.16,-21.75
CLA051,Classical,101.6,0.2694,1315.1,1185.3,1777.3,0.0171,-257.19,140.34,-23.02,12.71,-4.12
ROC077,Rock,113.3,0.3531,2660.2,2143.9,3913.6,0.1062,-112.48,100.88,-37.46,22.21,-26.98
HIP075,Hip-Hop,98.1,0.4337,2119.9,2202.7,4048.8,0.107,-110.65,87.18,-9.3,34.37,-0.14
CLA183,Classical,79.1,0.2867,1040.0,1259.1,1626.1,0.0264,-304.82,148.48,-30.18,19.39,-12.31
JAZ132,Jazz,112.9,0.3732,2130.1,2088.6,4156.4,0.0954,-155.78,116.09,14.79,19.04,3.59
CLA077,Classical,97.2,0.2147,1054.4,1350.8,2150.7,0.034,-239.71,139.11,-21.56,17.98,-2.48
ROC180,Rock,112.2,0.4089,2393.0,2128.7,5310.4,0.1101,-122.04,80.27,-35.93,19.52,-18.99
POP025,Pop,133.6,0.4711,2224.0,2266.0,5591.5,0.1069,-93.12,83.96,-23.84,37.38,-5.69
POP086,Pop,125.0,0.3934,2395.3,2215.2,5867.8,0.1224,-76.99,97.3,-12.0,31.17,-15.14
POP021,Pop,132.0,0.4783,2268.2,2225.3,5324.2,0.1514,-97.54,85.11,-11.1,38.5,-7.79
HIP198,Hip-Hop,97.2,0.4522,2538.6,2573.8,4733.4,0.1416,-120.44,112.13,-6.71,35.8,-15.06
ROC154,Rock,117.0,0.43,2217.8,2301.6,4332.0,0.1066,-116.78,89.42,-35.41,14.87,-22.77
HIP001,Hip-Hop,86.1,0.4136,2846.3,2793.7,6047.2,0.0655,-95.77,102.31,-6.31,38.73,-2.29
CLA133,Classical,84.4,0.2462,1081.9,944.3,2063.5,0.0543,-254.7,174.71,-9.56,17.86,-7.55
HIP143,Hip-Hop,96.7,0.4139,2079.0,2135.9,5798.9,0.1116,-83.11,111.5,-5.95,41.81,-2.33
CLA193,Classical,80.0,0.2874,1080.9,1224.4,1960.1,0.0426,-254.91,144.83,-33.91,15.31,-4.82
HIP049,Hip-Hop,89.9,0.4889,1719.2,2416.3,4677.9,0.1144,-102.69,91.74,-6.64,38.35,-4.83
CLA047,Classical,92.6,0.2177,726.8,1382.7,2142.0,0.0435,-195.27,148.87,-23.34,10.62,-12.62
ROC105,Rock,120.8,0.3676,2441.0,2201.1,4545.4,0.0941,-107.62,100.55,-27.44,21.58,-21.5
HIP053,Hip-Hop,94.0,0.4334,2262.4,2111.5,4685.8,0.0859,-82.81,75.34,0.92,35.71,-1.37
HIP010,Hip-Hop,107.5,0.4996,2480.6,2243.6,4817.8,0.0832,-127.69,100.38,-4.91,35.56,-7.29
ROC111,Rock,128.2,0.3974,2008.0,1760.8,4641.9,0.1218,-78.91,87.81,-28.1,19.85,-26.23
CLA093,Classical,83.4,0.1631,1274.6,1293.5,1502.3,0.044,-253.63,145.95,-26.53,11.52,-1.38
HIP005,Hip-Hop,108.1,0.438,1847.6,2366.2,4947.2,0.0886,-104.52,90.07,-10.81,40.89,-5.74
ROC127,Rock,124.7,0.44,2253.4,2032.4,4874.6,0.1199,-112.53,84.76,-26.44,21.7,-16.66
ROC038,Rock,104.8,0.3593,1964.7,1988.1,5088.8,0.0953,-130.51,95.71,-14.52,19.81,-24.41
POP047,Pop,109.2,0.456,2738.8,2347.6,4611.6,0.1376,-103.27,92.09,-17.09,32.21,-12.08
ROC169,Rock,137.0,0.3976,2405.7,2179.4,4196.7,0.1353,-108.71,86.25,-25.73,25.44,-13.03
CLA034,Classical,87.0,0.1674,1049.7,1305.5,2371.7,0.0543,-262.25,158.83,-3.37,14.89,-6.61
JAZ122,Jazz,110.3,0.3291,2048.5,1773.5,3142.4,0.0702,-176.78,133.98,8.85,32.12,8.92
HIP096,Hip-Hop,94.3,0.4764,2288.3,2265.9,4849.4,0.09,-105.65,85.2,-5.88,33.98,0.69
HIP194,Hip-Hop,100.3,0.4565,2400.5,2097.2,4678.1,0.0734,-123.31,105.28,-2.13,42.46,-4.63
HIP059,Hip-Hop,86.0,0.4622,2182.4,2245.8,4600.4,0.098,-101.05,78.91,0.63,44.0,-3.71
POP084,Pop,130.4,0.4327,2676.2,2729.5,4938.6,0.1245,-132.59,102.24,-11.98,40.66,-11.3
HIP109,Hip-Hop,88.6,0.4552,2470.9,1981.9,5434.5,0.1058,-72.32,79.42,-5.19,49.2,-1.09
JAZ015,Jazz,129.6,0.3544,2112.9,1707.0,3867.3,0.0666,-183.77,99.97,4.15,28.96,13.21
HIP105,Hip-Hop,81.7,0.4082,2553.8,2086.1,4631.2,0.1285,-116.46,101.97,-6.66,43.47,-7.22
POP001,Pop,131.2,0.4613,3046.2,2438.1,4832.6,0.1049,-117.25,84.83,-12.51,41.7,-18.78
JAZ019,Jazz,104.8,0.3048,1849.4,1737.9,3582.6,0.0928,-196.97,112.92,8.74,24.34,-0.39
HIP163,Hip-Hop,96.5,0.4602,2473.1,2215.4,5810.5,0.0814,-101.4,88.54,-4.89,41.0,-8.07
ROC114,Rock,140.3,0.4197,1776.5,2204.0,4478.6,0.1033,-88.18,105.16,-22.45,12.48,-14.96
JAZ003,Jazz,91.6,0.2856,1980.3,1614.9,3241.0,0.0755,-200.02,103.96,5.79,29.04,0.87
JAZ162,Jazz,138.0,0.3526,2159.0,1868.9,3656.8,0.0682,-219.18,126.77,11.58,23.9,6.18
POP125,Pop,114.2,0.4461,2317.4,2437.8,5769.6,0.147,-88.55,80.63,-16.95,30.23,-10.09
HIP117,Hip-Hop,85.8,0.4045,2476.3,2587.7,5069.9,0.0978,-109.92,83.3,-4.47,35.25,-2.96
JAZ006,Jazz,114.4,0.3764,2061.2,2094.2,3742.9,0.0804,-183.29,126.49,-1.41,30.18,8.82
POP168,Pop,132.3,0.4355,2536.7,2391.1,5643.2,0.1032,-92.44,87.29,-18.06,43.69,-7.91
POP097,Pop,110.1,0.438,2358.3,2126.9,4554.1,0.1314,-84.1,78.51,-8.94,24.02,-10.38
JAZ161,Jazz,81.0,0.3364,1767.6,1492.8,2982.5,0.0843,-140.74,106.39,15.06,26.47,6.91
POP117,Pop,105.4,0.4085,2426.7,2417.3,4958.5,0.1182,-74.35,88.48,-23.51,33.67,-8.37
HIP136,Hip-Hop,98.8,0.4563,2225.5,2139.4,4879.0,0.0842,-103.7,94.86,-4.3,34.5,2.09
ROC149,Rock,132.2,0.3544,2431.9,2234.6,5781.5,0.0962,-114.19,91.09,-29.73,24.12,-17.21
ROC055,Rock,144.1,0.3907,1618.4,2522.4,4444.6,0.1378,-110.22,92.11,-23.18,19.79,-23.24
POP105,Pop,126.8,0.3853,2340.7,2725.6,5936.1,0.1153,-119.99,110.97,-15.42,19.52,-7.43
JAZ106,Jazz,101.5,0.3058,2285.5,1905.6,3439.2,0.0707,-173.27,95.02,17.11,32.12,5.05
JAZ025,Jazz,93.5,0.3786,1854.4,1612.6,3709.6,0.0642,-170.59,100.48,13.0,21.1,1.33
POP033,Pop,111.7,0.4082,2601.6,2249.5,5773.8,0.1297,-127.44,67.29,-15.8,32.51,2.77
JAZ084,Jazz,105.1,0.3449,1138.2,1994.8,3108.8,0.0892,-184.34,111.57,14.99,24.12,-1.34
ROC068,Rock,143.8,0.3674,1952.6,2192.6,4311.5,0.1019,-129.44,98.19,-33.92,25.46,-7.27
HIP150,Hip-Hop,95.3,0.4189,2826.0,2110.2,5769.4,0.1193,-89.36,90.3,-12.42,31.7,-5.2
ROC042,Rock,110.4,0.4169,1999.0,2131.4,4548.5,0.1316,-102.39,97.4,-29.74,26.38,-11.33
HIP050,Hip-Hop,98.7,0.416,2418.2,2490.3,4851.9,0.1254,-109.27,104.47,-11.16,41.9,-0.93
ROC182,Rock,130.0,0.4142,2195.5,1932.5,4377.7,0.1008,-98.19,97.17,-11.37,11.57,-19.53
JAZ183,Jazz,86.9,0.3381,2047.5,1746.8,3100.8,0.0673,-166.15,114.98,14.27,34.05,0.16
POP032,Pop,125.4,0.4524,1987.5,2476.2,5093.7,0.1601,-118.62,62.2,-16.12,37.04,-8.03
JAZ022,Jazz,113.1,0.3092,1839.3,1975.0,3885.1,0.0976,-147.78,98.03,10.85,27.83,9.11
ROC146,Rock,138.0,0.3588,1840.0,2142.3,3609.0,0.1238,-111.84,86.06,-33.83,18.64,-21.39
HIP158,Hip-Hop,95.0,0.4528,1878.7,2271.6,5028.3,0.1472,-105.41,104.03,-5.77,43.46,10.64
CLA173,Classical,77.9,0.2338,1111.3,1386.2,1857.4,0.0225,-257.0,171.16,-26.82,14.3,-0.35
HIP037,Hip-Hop,100.5,0.4534,2327.3,2516.8,4500.8,0.085,-122.67,87.98,-9.4,33.12,2.58
JAZ120,Jazz,105.0,0.3744,1371.4,1942.8,3832.5,0.0969,-167.76,104.87,4.89,24.41,15.96
POP134,Pop,110.3,0.4543,2461.1,2569.8,6403.8,0.1484,-78.56,91.05,-11.31,29.27,-19.08
CLA053,Classical,70.5,0.2318,1222.6,1099.4,2227.5,0.047,-257.06,162.41,-26.9,11.66,-3.54
POP139,Pop,98.2,0.4435,2668.8,2439.8,5585.7,0.1315,-81.87,84.66,-3.77,35.96,-13.76
JAZ056,Jazz,125.1,0.3426,1681.7,2019.8,3564.4,0.0801,-210.59,126.64,-4.57,21.75,6.82
ROC085,Rock,99.3,0.3603,1920.2,1620.8,5076.2,0.1153,-88.04,103.81,-28.25,16.73,-14.4
ROC196,Rock,110.3,0.3543,1880.7,2380.1,4289.5,0.1099,-113.73,102.89,-21.07,23.65,-15.41
HIP080,Hip-Hop,105.4,0.4542,2517.8,2352.1,5247.6,0.1285,-97.3,82.73,-8.73,43.96,-6.64
POP053,Pop,123.3,0.4559,1973.3,2466.6,4578.1,0.1345,-75.86,93.89,-16.79,37.32,-12.84
JAZ158,Jazz,97.5,0.3129,1590.7,2054.3,3026.3,0.0441,-189.1,112.85,-11.05,25.42,2.89
CLA108,Classical,76.8,0.1501,1017.8,1448.6,1654.2,0.059,-234.11,137.16,-9.2,23.52,-2.63
ROC197,Rock,124.6,0.4113,1866.5,2032.5,4026.1,0.1385,-122.77,79.94,-21.92,25.11,-13.74
JAZ041,Jazz,86.1,0.3394,2032.7,1854.4,3452.9,0.0709,-243.54,97.5,6.75,14.83,4.56
POP034,Pop,135.5,0.4651,2414.4,2567.6,5868.2,0.1193,-82.42,84.77,-2.84,33.58,-13.34
JAZ152,Jazz,102.4,0.3127,1717.5,1868.3,3304.7,0.0691,-197.63,113.64,13.59,16.48,-1.29
ROC048,Rock,116.0,0.4302,1945.2,2113.5,4242.2,0.0943,-121.41,94.1,-36.32,21.27,-15.85
HIP076,Hip-Hop,95.3,0.4554,2501.4,2410.3,5521.4,0.1067,-97.26,88.53,-7.46,33.08,-3.94
HIP174,Hip-Hop,104.7,0.4256,2911.7,2319.0,5253.7,0.0488,-93.81,105.4,2.72,37.42,-0.67
HIP148,Hip-Hop,95.0,0.4077,2061.3,2280.3,5482.5,0.1242,-117.21,97.16,6.07,33.16,4.5
HIP081,Hip-Hop,103.1,0.4702,2528.5,2238.4,5525.7,0.0976,-97.58,87.37,-10.84,27.94,-3.34
HIP132,Hip-Hop,100.7,0.4505,2488.0,2301.7,5376.7,0.0975,-114.33,89.09,-4.38,40.05,-6.76
CLA032,Classical,96.3,0.1872,931.5,1368.0,2385.4,0.0282,-256.95,163.44,-27.77,9.95,-0.15
CLA097,Classical,87.9,0.2636,1072.6,876.1,2111.3,0.0427,-218.43,143.15,-27.68,8.51,-0.17
CLA063,Classical,76.8,0.276,1161.2,1142.7,1724.8,0.0498,-245.68,175.38,-17.81,21.43,-9.48
ROC076,Rock,145.6,0.3732,2330.0,2121.1,3842.6,0.1062,-82.84,99.91,-27.53,26.64,-10.73
ROC192,Rock,103.9,0.4032,2280.6,2169.6,4437.5,0.1108,-74.52,83.17,-23.24,11.1,-25.34
ROC113,Rock,130.7,0.3731,2251.8,1990.1,4273.9,0.0781,-81.91,76.05,-45.29,20.78,-20.04
POP159,Pop,105.9,0.4535,2187.8,2368.0,4980.5,0.1295,-90.73,94.35,-12.14,31.94,-9.59
ROC033,Rock,138.3,0.3764,1551.6,1981.3,4244.7,0.1076,-92.99,101.99,-42.64,17.86,-25.13
JAZ017,Jazz,120.6,0.3657,1603.2,1973.2,3834.5,0.0949,-113.02,102.95,-0.56,28.07,8.03
HIP070,Hip-Hop,100.6,0.4774,2049.2,2173.8,4062.6,0.0717,-85.05,98.46,-7.67,36.71,-1.16
CLA014,Classical,85.3,0.1818,1121.7,1148.9,2558.5,0.0258,-248.55,148.7,-28.46,18.7,-6.85
POP031,Pop,127.1,0.4587,2244.0,2446.1,4713.8,0.1308,-86.18,78.04,-18.64,38.59,-6.96
CLA184,Classical,82.6,0.2204,705.3,1088.6,1986.9,0.035,-273.88,148.69,-18.24,21.9,-10.42
ROC117,Rock,133.4,0.4249,2545.5,2317.1,4108.8,0.1099,-95.04,107.08,-32.14,23.38,-30.22
ROC003,Rock,111.5,0.4275,2257.1,2087.7,5405.0,0.1032,-104.67,92.52,-25.91,22.04,-22.63
CLA150,Classical,101.2,0.2872,713.2,1138.7,1995.8,0.0562,-200.86,156.03,-26.97,22.2,2.18
ROC160,Rock,131.7,0.436,1882.1,1819.8,4818.3,0.0672,-111.95,85.75,-28.55,19.55,-23.94
POP177,Pop,128.5,0.4563,2763.5,2626.7,4957.7,0.126,-127.09,74.62,-3.04,38.3,-2.87
POP153,Pop,116.2,0.4215,2604.2,2510.5,4736.4,0.1087,-57.02,71.54,-13.81,34.18,-3.63
JAZ074,Jazz,68.1,0.3135,1905.1,1570.4,3471.9,0.0965,-164.17,115.82,7.58,30.95,-0.96
HIP193,Hip-Hop,99.5,0.4348,2970.9,2103.0,4663.8,0.1078,-96.39,87.55,-9.1,27.05,-0.56
HIP073,Hip-Hop,109.6,0.4926,2394.3,2301.5,4810.1,0.1036,-118.73,87.49,-17.67,44.39,-1.21
CLA079,Classical,68.5,0.1504,1013.4,1206.2,1810.7,0.022,-224.61,163.26,-30.54,15.66,-7.89
POP011,Pop,131.1,0.4562,2270.2,2246.5,4743.1,0.1292,-109.15,86.24,-14.98,37.08,-10.97
CLA171,Classical,76.8,0.2348,1110.2,1151.5,2058.3,0.0476,-201.43,146.92,-35.64,20.37,-0.76
JAZ044,Jazz,98.1,0.3167,1936.2,1778.5,2831.9,0.0796,-187.37,99.2,-3.47,26.01,8.17
POP019,Pop,140.6,0.3884,2601.0,2409.3,5238.0,0.0918,-100.26,90.01,-21.18,38.64,-5.55
HIP102,Hip-Hop,96.8,0.4847,2990.7,2257.8,4819.2,0.0974,-87.2,77.31,-7.47,26.49,-2.47
JAZ021,Jazz,70.4,0.2884,1426.9,1884.6,3603.0,0.1026,-208.58,110.91,11.02,27.97,6.12
POP109,Pop,139.7,0.431,2723.8,2833.0,5550.4,0.0967,-87.47,84.14,-18.62,28.52,-16.47
JAZ097,Jazz,115.1,0.2914,1626.2,2028.4,3501.8,0.0927,-208.72,105.53,10.71,27.91,7.59
POP158,Pop,128.0,0.4453,2689.9,2874.8,4893.1,0.1055,-73.32,77.78,-7.59,29.99,-8.39
JAZ073,Jazz,97.6,0.3503,1646.0,1934.1,3427.0,0.0881,-179.8,122.42,13.15,19.96,5.28
POP068,Pop,118.3,0.3807,2686.3,2535.0,5423.8,0.1144,-78.52,75.23,-17.19,35.68,-8.76
JAZ090,Jazz,103.8,0.3376,1892.0,1520.9,3499.0,0.0648,-149.28,108.73,5.5,23.33,3.46
CLA166,Classical,82.1,0.2097,781.4,732.3,1905.0,0.0542,-245.49,138.85,-32.52,17.9,-2.54
CLA169,Classical,101.5,0.2727,1067.8,1187.2,2195.3,0.0463,-245.51,171.46,-23.57,18.54,-6.86
ROC072,Rock,138.3,0.3851,2202.3,2359.5,4765.0,0.1127,-132.78,88.71,-35.39,26.52,-13.51
HIP098,Hip-Hop,94.4,0.4552,2876.2,1987.4,4984.3,0.0826,-95.14,100.04,-13.46,38.82,4.87
HIP020,Hip-Hop,112.9,0.4991,2881.3,2131.4,4981.5,0.1244,-118.13,90.71,-15.56,37.33,-2.33
POP180,Pop,126.2,0.424,2619.2,2160.0,5249.1,0.1004,-102.99,87.5,-14.12,43.05,-9.15
HIP018,Hip-Hop,109.9,0.4795,2016.1,1998.7,6202.3,0.1046,-102.01,105.03,-7.55,43.8,-7.09
CLA080,Classical,83.0,0.1721,731.6,1071.2,2038.5,0.0544,-229.34,158.15,-15.0,8.29,-6.4
JAZ082,Jazz,121.6,0.3127,1528.1,2207.5,3272.2,0.0756,-183.73,123.23,-10.37,27.61,2.01
JAZ137,Jazz,114.5,0.3309,1627.7,1763.0,3474.8,0.049,-199.23,96.63,11.1,29.38,-2.53
HIP015,Hip-Hop,113.5,0.4406,2649.5,2529.0,5284.3,0.0896,-121.43,105.86,-3.23,37.58,-4.12
HIP077,Hip-Hop,88.9,0.43,2599.9,2364.0,5224.0,0.105,-88.08,100.1,-0.97,40.48,-7.3
HIP006,Hip-Hop,89.1,0.4888,1843.1,2141.0,4432.7,0.0661,-104.01,97.83,-16.81,34.8,-10.47
ROC108,Rock,140.4,0.361,1965.2,2211.5,4186.1,0.1141,-131.12,79.49,-26.75,21.1,-18.82
CLA022,Classical,89.0,0.1768,917.2,972.2,1928.5,0.0295,-246.69,123.99,-19.91,14.2,-6.33
CLA035,Classical,79.4,0.1796,1556.1,1188.5,1759.4,0.0505,-261.3,176.23,-18.23,21.34,-3.16
POP082,Pop,136.5,0.3932,2742.6,2672.3,4598.0,0.1007,-30.04,88.63,-17.09,27.51,-8.58
CLA165,Classical,70.1,0.2258,1227.2,1126.3,2202.5,0.0374,-219.13,133.59,-18.4,15.31,-4.45
JAZ026,Jazz,110.1,0.3499,1890.6,1782.2,3997.7,0.0961,-212.57,114.95,4.03,31.22,8.86
POP039,Pop,109.6,0.4499,2021.3,2320.4,4990.1,0.122,-90.6,80.79,-25.41,42.47,-8.19
ROC151,Rock,109.8,0.4052,2294.8,2320.9,4660.3,0.0919,-107.42,87.61,-21.13,23.78,-24.07
HIP166,Hip-Hop,100.2,0.4767,2603.4,1961.7,4966.5,0.0744,-90.63,94.57,-1.23,26.52,0.97
JAZ060,Jazz,81.7,0.3334,1951.2,1658.8,3606.6,0.083,-158.21,119.76,3.1,27.97,4.39
ROC193,Rock,130.4,0.3956,2244.8,2247.0,4111.0,0.1078,-113.15,97.12,-30.63,13.73,-23.98
ROC125,Rock,143.5,0.3834,2202.7,2359.3,4011.9,0.1042,-106.17,86.41,-23.76,12.35,-17.68
JAZ112,Jazz,107.3,0.2993,1705.3,2085.7,3277.3,0.0684,-163.82,121.02,11.57,25.4,12.96
JAZ127,Jazz,93.9,0.3161,1857.9,2147.1,3584.1,0.0718,-143.7,140.32,15.17,20.37,-2.87
HIP032,Hip-Hop,99.6,0.4354,2476.7,2267.7,4619.4,0.0792,-93.71,94.53,-9.09,42.03,-1.18
CLA071,Classical,56.5,0.2458,919.1,1391.7,2015.5,0.0491,-223.62,170.21,-18.3,12.61,1.16
JAZ193,Jazz,114.2,0.2875,1716.9,1764.1,2885.4,0.0435,-187.82,108.7,4.83,29.19,-0.63
CLA146,Classical,77.7,0.2351,972.3,1182.3,2152.4,0.0487,-260.52,140.79,-18.89,11.57,-7.9
CLA060,Classical,71.8,0.2293,951.6,1299.1,1976.3,0.0414,-234.09,159.24,-24.82,15.21,-8.57
CLA015,Classical,45.6,0.152,864.2,1186.5,1839.2,0.0448,-261.24,138.38,-16.97,10.49,-8.06
CLA050,Classical,96.1,0.1856,983.9,1183.1,1975.1,0.0477,-266.33,154.04,-7.47,15.86,-4.22
ROC022,Rock,128.8,0.3991,2602.5,2298.3,4515.3,0.1399,-98.31,93.9,-47.51,19.78,-26.15
CLA127,Classical,67.9,0.1763,1136.9,1164.8,2552.8,0.0384,-240.7,147.59,-19.7,23.04,-4.71
POP101,Pop,104.2,0.4296,1839.6,2256.8,4895.6,0.131,-100.61,68.21,-26.94,33.93,-3.66
HIP012,Hip-Hop,103.5,0.4786,2422.3,2179.7,4207.7,0.1428,-83.29,90.25,3.35,39.28,-8.21
HIP028,Hip-Hop,98.5,0.4174,2604.4,2371.2,5267.0,0.0974,-71.17,82.6,-2.43,45.77,-9.08
HIP141,Hip-Hop,108.0,0.4289,2062.2,2422.8,5324.6,0.1109,-112.2,94.02,-2.53,34.42,-4.18
CLA064,Classical,88.3,0.218,867.2,1357.0,1790.2,0.0522,-265.41,136.83,-19.87,17.42,1.72
CLA192,Classical,72.4,0.2361,1038.7,866.2,2365.7,0.0539,-299.87,151.88,-26.91,19.21,-4.58
ROC002,Rock,110.4,0.4195,2122.4,2122.8,4416.3,0.1213,-141.82,86.17,-35.69,19.24,-12.97
CLA106,Classical,76.3,0.2818,708.7,1250.0,1392.0,0.0286,-197.13,151.08,-29.29,12.26,-0.68
POP069,Pop,128.5,0.4748,2645.2,2464.8,5717.1,0.1386,-84.63,79.18,-15.84,27.3,-14.93
CLA065,Classical,74.3,0.2137,863.2,1177.3,2162.8,0.0282,-255.44,160.09,-26.46,22.53,-9.02
POP036,Pop,114.1,0.4767,2404.7,2265.0,6222.3,0.1107,-88.45,88.64,-20.07,35.13,-10.88
ROC078,Rock,136.5,0.3522,2078.3,2059.9,5018.1,0.0691,-107.49,73.76,-40.2,18.32,-22.19
POP161,Pop,99.0,0.4473,2663.2,2142.9,5442.6,0.0888,-68.19,85.18,-9.87,36.7,-3.87
CLA006,Classical,87.7,0.2708,1453.8,1239.8,1764.5,0.033,-230.57,146.77,-18.27,15.18,-3.35
JAZ110,Jazz,93.7,0.3559,1885.7,1837.2,3270.3,0.0714,-174.58,87.05,8.81,24.06,14.79
JAZ113,Jazz,105.7,0.3005,1575.9,2023.5,2869.7,0.0687,-191.81,123.49,18.03,27.61,5.95
JAZ063,Jazz,78.9,0.3691,2240.9,2267.3,3749.3,0.0512,-185.39,104.13,2.91,19.88,7.46
CLA121,Classical,79.6,0.203,987.9,939.6,2060.9,0.0102,-227.09,147.8,-14.66,7.69,-4.53
POP015,Pop,114.3,0.3971,1873.0,2536.8,5271.2,0.1518,-104.65,94.19,-7.56,41.91,-9.37
POP098,Pop,107.8,0.4696,2258.1,2489.6,5690.1,0.1228,-74.57,87.65,-14.59,38.48,-12.23
JAZ144,Jazz,106.8,0.3602,1343.6,1884.8,3800.8,0.0873,-202.44,135.8,-1.09,21.35,6.72
CLA186,Classical,77.1,0.2593,1155.6,1241.5,1779.4,0.038,-282.14,144.29,-18.75,18.36,1.78
JAZ187,Jazz,91.1,0.3427,1540.4,2063.1,2807.7,0.0823,-211.58,93.51,7.08,17.92,8.82
JAZ142,Jazz,85.5,0.37,1670.1,1951.5,3685.8,0.0805,-218.18,112.87,-1.82,15.2,1.81
HIP034,Hip-Hop,100.7,0.4872,2139.0,2533.4,4623.3,0.1003,-85.83,110.17,-3.92,36.2,-5.11
JAZ093,Jazz,106.4,0.3261,1847.6,1875.7,3845.4,0.0699,-183.28,84.96,7.03,27.0,-2.42
HIP055,Hip-Hop,85.0,0.4683,2635.3,2363.4,5410.6,0.1217,-89.65,89.92,-5.68,41.1,-10.26
ROC001,Rock,121.8,0.3922,2468.3,2421.8,4686.5,0.1061,-85.93,87.17,-40.52,16.21,-10.22
JAZ057,Jazz,92.7,0.2905,1661.2,2078.9,3267.6,0.0798,-186.01,113.54,-0.01,25.01,7.21
ROC179,Rock,107.1,0.3577,2240.5,2111.0,4086.0,0.1177,-104.97,103.78,-43.14,22.11,-24.78
HIP131,Hip-Hop,80.9,0.4158,2438.1,2283.5,4176.6,0.0963,-75.12,87.73,-5.05,33.46,-8.61
CLA177,Classical,75.5,0.1678,728.4,1310.0,1542.3,0.0601,-180.31,149.59,-24.57,21.88,-2.21
ROC011,Rock,111.4,0.3556,2690.5,2167.7,5225.9,0.1026,-91.8,93.55,-15.19,14.99,-15.89
ROC074,Rock,139.2,0.3851,2076.9,2251.2,4814.9,0.0835,-88.63,94.38,-33.93,18.4,-24.0
ROC189,Rock,139.9,0.4303,1944.5,2208.6,5073.8,0.1082,-122.55,86.8,-27.83,17.74,-22.39
CLA056,Classical,68.0,0.1976,1146.0,1209.3,2416.5,0.0207,-251.13,167.49,-14.28,21.65,-2.9
POP198,Pop,125.9,0.4573,2914.1,2813.3,5521.9,0.1239,-94.87,94.07,-24.25,40.56,-6.3
HIP140,Hip-Hop,108.4,0.4736,2770.1,2162.4,5134.6,0.0913,-103.23,102.9,-5.31,45.97,-5.26
HIP184,Hip-Hop,104.9,0.4673,2217.2,2361.4,3712.3,0.1114,-105.2,102.73,-3.23,46.84,-8.42
JAZ033,Jazz,100.7,0.3081,1871.4,1710.8,4406.5,0.063,-177.12,104.79,10.14,16.51,-1.15
HIP142,Hip-Hop,94.7,0.4829,2679.7,2512.0,5189.7,0.0882,-78.26,107.33,-10.3,36.72,-11.19
ROC195,Rock,100.6,0.4114,2536.9,2547.6,3879.3,0.1056,-115.03,94.72,-39.11,20.37,-14.84
JAZ079,Jazz,105.1,0.292,1692.8,1906.8,3343.9,0.0751,-208.33,107.29,3.27,21.88,0.4
CLA004,Classical,92.6,0.2079,1236.0,998.1,2309.3,0.0381,-275.6,157.57,-19.43,19.04,-8.36
HIP085,Hip-Hop,109.6,0.4809,2210.7,2373.2,5337.9,0.1063,-110.82,108.51,10.86,42.27,-2.66
JAZ150,Jazz,84.8,0.2982,1866.1,1765.5,3863.3,0.0757,-176.25,110.77,-0.87,27.11,10.78
JAZ014,Jazz,93.9,0.3166,2012.3,1756.8,3020.5,0.0849,-162.54,92.86,7.87,23.43,6.47
HIP113,Hip-Hop,99.6,0.4346,2306.5,2417.9,5275.4,0.1057,-104.82,95.48,-6.72,41.46,-3.5
ROC037,Rock,132.1,0.4237,2084.6,2176.7,4108.7,0.0901,-84.21,91.81,-28.63,18.93,-11.52
CLA107,Classical,89.1,0.1696,717.9,1022.0,1531.9,0.0651,-245.01,141.19,-11.24,6.78,-4.39
HIP104,Hip-Hop,92.6,0.4513,2388.3,2210.2,5279.7,0.0959,-78.01,86.07,1.62,40.38,-4.33
ROC120,Rock,122.0,0.411,2455.8,2009.4,4446.8,0.1495,-114.64,99.56,-31.22,9.15,-22.48
CLA161,Classical,86.1,0.2612,539.3,1205.5,1649.1,0.0627,-255.02,160.11,-7.99,13.12,-8.59
CLA148,Classical,81.0,0.2678,856.1,1200.5,2333.6,0.042,-253.62,161.06,-18.0,18.65,-7.19
ROC080,Rock,121.0,0.3922,2603.6,1947.5,4280.9,0.1128,-125.16,88.23,-33.53,24.19,-18.99
ROC070,Rock,119.5,0.3652,2217.7,2130.4,4945.6,0.139,-129.3,107.39,-28.11,29.72,-26.05
POP076,Pop,134.6,0.4509,1867.8,2442.7,5351.7,0.1478,-101.36,77.14,-14.88,37.7,-5.53
JAZ068,Jazz,86.5,0.3324,1893.8,1930.1,3146.5,0.092,-174.56,104.3,0.89,28.34,2.81
ROC101,Rock,122.0,0.3895,2225.4,2346.8,4126.2,0.1144,-103.14,79.45,-24.08,19.4,-19.49
JAZ160,Jazz,127.1,0.2866,1283.4,2120.2,3744.2,0.0852,-198.37,103.12,11.65,15.05,14.21
JAZ184,Jazz,103.2,0.3104,1977.6,2016.1,3057.7,0.07,-224.45,108.32,9.34,34.46,-1.7
JAZ114,Jazz,140.9,0.3745,1496.3,1849.6,3728.6,0.058,-138.38,114.39,5.8,24.18,10.11
CLA111,Classical,87.3,0.1835,970.4,1304.4,2246.8,0.0471,-241.85,130.88,-19.58,11.66,-6.35
HIP057,Hip-Hop,88.2,0.482,1954.5,2416.1,5213.3,0.0793,-83.8,95.98,-6.81,39.24,-2.09
HIP195,Hip-Hop,94.7,0.4808,1856.8,2597.5,4376.0,0.1027,-91.24,83.65,-6.1,43.83,-11.12
HIP177,Hip-Hop,102.9,0.4376,1933.5,2332.6,5255.6,0.1181,-97.05,85.95,-11.27,38.49,-2.83
POP141,Pop,117.1,0.3814,2445.1,2742.1,4607.8,0.1153,-64.3,82.69,-8.77,28.45,-10.38
CLA178,Classical,81.0,0.2947,882.6,1179.7,1969.9,0.0312,-335.31,139.99,-21.94,20.07,-4.84
POP167,Pop,137.1,0.4799,2514.5,2537.3,4595.0,0.1081,-75.92,88.96,-21.02,30.19,-7.65
ROC062,Rock,111.0,0.3673,2037.8,2451.6,4483.6,0.0809,-97.68,95.05,-20.1,26.29,-17.4
POP190,Pop,119.9,0.4271,2610.3,2065.0,4443.0,0.09,-97.51,88.98,-24.16,37.94,-15.76
ROC106,Rock,123.5,0.3924,1915.2,2061.7,4395.7,0.0926,-112.22,76.17,-38.71,17.96,-14.29
CLA157,Classical,81.4,0.2703,1066.0,885.6,1481.2,0.0403,-312.96,158.41,-29.91,10.44,-3.04
JAZ004,Jazz,97.2,0.3602,2139.9,2142.7,2813.9,0.0552,-201.2,114.56,14.39,27.13,16.21
HIP116,Hip-Hop,104.0,0.4509,2556.7,2225.9,4881.0,0.0806,-132.15,79.35,5.95,36.69,-0.86
POP171,Pop,106.6,0.467,3056.8,2372.2,4695.4,0.1318,-77.09,81.07,-8.79,24.93,-8.17
HIP152,Hip-Hop,91.7,0.498,2443.1,2390.1,5030.5,0.0884,-109.42,103.61,-4.45,37.76,-0.19
CLA027,Classical,82.1,0.2591,646.9,1324.4,1750.9,0.0481,-211.86,168.34,-25.19,15.39,-5.4
JAZ188,Jazz,100.6,0.3484,1567.5,1551.5,3123.4,0.1067,-158.2,104.26,12.15,18.46,6.65
ROC023,Rock,102.0,0.3954,2337.4,2185.8,3824.2,0.1181,-100.96,108.19,-41.3,23.99,-14.34
POP148,Pop,112.3,0.4467,2636.2,2585.0,5489.7,0.1184,-87.24,83.67,-8.13,37.36,-13.89
POP092,Pop,127.5,0.4461,2582.3,2300.7,4937.0,0.1413,-92.67,61.41,-14.82,25.36,-3.48
ROC097,Rock,123.7,0.3929,2306.9,2537.6,5000.5,0.1287,-96.03,68.69,-37.29,17.07,-28.04
POP024,Pop,111.0,0.4437,2546.4,2632.5,4312.0,0.1702,-65.84,88.5,-18.66,34.12,-7.57
POP016,Pop,118.0,0.4731,2333.0,2440.5,5829.7,0.1041,-109.58,90.47,1.4,36.75,-11.59
POP081,Pop,141.6,0.4727,2295.0,2491.3,4911.8,0.1075,-112.58,103.2,-22.35,30.45,-5.15
CLA175,Classical,92.1,0.2764,1052.2,1239.7,1699.9,0.053,-241.3,152.21,-14.89,14.39,0.27
POP123,Pop,110.0,0.4583,2792.0,2433.1,5342.0,0.0954,-95.3,68.86,-5.88,33.08,-6.89
JAZ027,Jazz,93.3,0.3499,1556.4,1564.8,3588.0,0.0577,-196.61,90.07,13.98,20.53,1.47
ROC118,Rock,128.7,0.4064,2204.6,2177.1,3646.3,0.0881,-130.52,88.38,-20.08,20.19,-23.36
JAZ175,Jazz,97.7,0.3635,1873.9,1888.3,3807.2,0.0818,-136.41,125.23,11.2,26.63,1.56
ROC095,Rock,127.9,0.4103,2141.7,2403.5,4341.2,0.0891,-57.64,92.3,-31.52,17.19,-30.51
ROC132,Rock,108.7,0.4221,2731.0,1999.9,4257.2,0.1146,-132.29,103.34,-33.06,25.97,-11.91
POP173,Pop,130.7,0.4738,2731.7,2407.5,4919.3,0.1276,-79.53,97.53,-10.89,29.99,-15.64
POP046,Pop,121.3,0.4311,2812.4,2784.4,6029.5,0.1281,-84.36,90.24,-18.24,45.87,-14.05
HIP036,Hip-Hop,97.7,0.4507,1943.5,1962.8,4795.5,0.0956,-110.64,108.62,-6.29,42.7,-1.03
JAZ066,Jazz,111.8,0.3594,2323.5,1658.7,3790.5,0.0838,-183.89,122.32,16.69,39.46,4.73
HIP056,Hip-Hop,96.1,0.471,2395.9,2242.6,5441.2,0.1214,-86.51,119.14,-6.16,34.46,-8.04
ROC137,Rock,116.9,0.432,1957.9,2067.0,5040.2,0.085,-101.6,87.36,-25.66,25.83,-15.41
POP012,Pop,100.2,0.4629,2763.5,2711.2,5937.8,0.1639,-116.73,90.44,-3.33,31.24,-5.39
ROC130,Rock,136.3,0.4227,2176.5,2303.2,4916.4,0.116,-129.78,98.69,-35.39,21.17,-19.87
JAZ076,Jazz,115.1,0.3109,1419.4,2276.2,3513.5,0.0735,-197.19,108.35,11.57,8.44,12.2
ROC017,Rock,108.1,0.3816,2117.1,2381.3,5277.7,0.0742,-118.14,92.63,-32.66,20.65,-19.39
CLA125,Classical,82.0,0.2552,522.6,1211.2,2591.4,0.0479,-262.95,152.81,-12.73,10.35,-6.49
POP052,Pop,118.4,0.4205,2720.0,2472.1,4943.5,0.1232,-96.63,61.43,-21.84,34.83,-13.15
CLA147,Classical,79.9,0.2377,981.1,1260.3,1780.7,0.0271,-256.1,156.1,-21.32,11.58,-11.86
JAZ189,Jazz,103.4,0.3635,1709.9,2016.7,2583.1,0.0932,-142.73,109.19,18.48,27.36,11.46
JAZ163,Jazz,133.4,0.3054,2483.7,1830.2,3825.7,0.1245,-182.2,114.95,13.65,20.58,3.88
ROC157,Rock,116.8,0.4362,2579.5,2325.2,5054.3,0.1075,-114.51,91.06,-31.32,27.7,-16.08
POP043,Pop,127.9,0.4184,2507.1,2294.2,5277.6,0.0946,-72.75,92.59,-36.55,30.65,-14.79
HIP066,Hip-Hop,85.9,0.481,2567.1,2437.3,4645.4,0.1103,-112.06,91.82,1.8,45.08,2.03
ROC135,Rock,104.7,0.3937,1900.0,2318.5,4980.9,0.1065,-124.69,84.03,-34.36,31.05,-14.54
ROC165,Rock,116.2,0.426,2472.7,2312.9,4904.0,0.1018,-121.28,84.42,-18.97,20.54,-25.4
HIP074,Hip-Hop,93.4,0.4693,2089.7,2436.0,5289.8,0.116,-86.5,75.28,3.58,43.52,-7.91
POP064,Pop,111.2,0.457,2832.4,2350.4,5698.1,0.0808,-105.27,85.61,-17.28,35.73,-21.0
POP191,Pop,116.6,0.4745,2536.9,2568.2,5275.3,0.1469,-118.36,84.17,-21.18,36.72,-1.9
POP056,Pop,129.3,0.476,2006.2,2069.9,4965.0,0.1524,-64.03,92.6,-16.38,34.65,-11.26
POP005,Pop,130.2,0.4328,2821.4,2847.8,5414.6,0.1268,-47.55,94.37,-13.26,29.55,-1.85
JAZ009,Jazz,88.1,0.3141,1813.1,1722.0,3140.1,0.0829,-194.83,115.38,10.35,37.78,0.93
HIP065,Hip-Hop,97.7,0.4175,2268.2,2366.4,4902.4,0.0909,-110.79,92.78,0.35,33.11,-4.13
JAZ083,Jazz,123.9,0.3171,1601.0,1811.9,3719.5,0.0861,-180.12,122.67,6.29,28.54,8.05
CLA114,Classical,73.9,0.2651,1146.9,1156.6,1962.0,0.0491,-242.24,161.95,-11.85,22.78,-1.32
ROC119,Rock,132.2,0.3702,2154.7,2302.1,4364.4,0.0899,-106.41,91.89,-33.88,20.03,-19.45
HIP009,Hip-Hop,103.6,0.446,2656.8,2581.0,4387.7,0.0998,-108.29,106.11,-13.34,33.57,2.14
JAZ048,Jazz,109.5,0.3027,2092.1,1925.3,3093.0,0.0698,-199.72,120.88,1.17,24.07,0.72
HIP048,Hip-Hop,93.3,0.4065,2543.0,2352.8,5155.8,0.0945,-115.56,105.78,-0.61,45.55,-1.4
HIP072,Hip-Hop,100.2,0.4409,2275.8,2031.4,4939.0,0.1105,-107.42,99.25,-3.98,39.93,-5.09
POP006,Pop,132.3,0.4409,2318.8,3040.5,4564.0,0.1418,-94.49,78.46,-13.15,33.84,-15.03
HIP164,Hip-Hop,95.7,0.4408,2462.7,2503.5,4879.2,0.1317,-93.96,94.81,-10.13,39.4,4.3
POP050,Pop,115.1,0.3984,2665.4,2427.7,5378.8,0.0862,-71.73,80.32,-13.56,37.04,-8.89
POP145,Pop,119.2,0.4132,2573.9,2615.4,5676.6,0.1185,-80.4,83.8,-12.18,27.75,-4.4
ROC089,Rock,122.8,0.4181,3113.0,2072.6,5130.9,0.1008,-138.91,101.98,-34.8,7.0,-17.08
ROC171,Rock,123.9,0.4278,2168.5,2227.7,4743.8,0.1238,-78.47,80.67,-24.86,19.87,-24.4
HIP118,Hip-Hop,99.1,0.4263,2271.8,2245.1,4918.3,0.1021,-131.45,97.69,-10.73,32.64,-10.82
ROC147,Rock,134.6,0.4368,2006.7,2275.6,4267.5,0.1157,-125.1,88.9,-29.83,18.09,-22.23
POP151,Pop,139.3,0.4364,2250.5,2235.0,5688.9,0.1263,-137.77,98.93,-8.26,28.49,-3.58
POP178,Pop,117.5,0.4298,2888.7,2235.0,4928.0,0.1181,-75.16,73.62,-8.57,30.46,-4.84
ROC126,Rock,144.9,0.4086,1874.9,2295.6,4865.7,0.1272,-126.02,94.0,-23.85,15.26,-23.46
ROC005,Rock,127.5,0.3543,2122.7,2243.2,5272.5,0.0805,-106.98,99.52,-34.3,27.83,-10.35
JAZ126,Jazz,119.7,0.3378,1772.0,1863.9,2344.3,0.0695,-161.65,93.25,18.1,39.57,7.32
CLA172,Classical,98.9,0.2219,1296.6,870.1,2419.9,0.047,-308.74,173.99,-30.76,5.77,-8.44
HIP167,Hip-Hop,105.0,0.411,2711.8,2212.8,4622.6,0.1497,-89.85,101.75,-5.94,40.5,-4.43
POP059,Pop,119.6,0.4702,2460.0,2557.1,5314.9,0.1284,-112.19,79.51,-21.29,30.11,-11.39
ROC047,Rock,136.9,0.4205,2791.7,2193.0,4419.4,0.0849,-115.97,110.35,-23.76,20.73,-20.75
CLA088,Classical,65.7,0.2903,1165.8,1393.3,1957.6,0.0475,-286.91,122.78,-22.84,16.46,-4.56
POP164,Pop,136.0,0.4211,2653.0,2118.5,4840.9,0.0909,-110.22,72.79,-10.22,41.39,1.04
JAZ191,Jazz,92.7,0.3592,1602.7,2031.1,3411.5,0.0755,-200.42,114.91,10.8,12.86,-1.49
CLA061,Classical,87.0,0.2949,779.5,1332.5,2460.7,0.0518,-227.2,149.67,-16.88,13.85,-6.23
POP197,Pop,124.7,0.469,2472.0,2619.9,4362.4,0.107,-116.94,80.77,-31.6,37.43,-7.8
POP091,Pop,137.6,0.4346,2558.2,2351.5,4835.6,0.1069,-79.37,97.07,-25.9,36.48,-10.81
POP042,Pop,110.0,0.4225,2533.1,2598.3,4600.3,0.1076,-121.23,99.8,-8.08,32.05,-7.52
ROC175,Rock,114.1,0.3669,2641.1,2330.2,3939.3,0.0812,-104.7,95.17,-34.69,27.45,-24.74
JAZ005,Jazz,129.3,0.3618,1770.9,2057.1,2930.4,0.0898,-220.83,128.86,6.68,26.01,-2.0
CLA162,Classical,83.5,0.2937,1162.2,1405.4,2581.4,0.0319,-279.69,163.68,-21.4,16.02,-4.82
HIP119,Hip-Hop,91.9,0.4873,2479.9,2346.8,4548.5,0.0995,-103.43,95.64,1.08,39.37,-13.22
POP174,Pop,120.3,0.3986,2943.9,2385.9,4982.8,0.135,-88.7,89.8,6.68,33.58,-2.87
ROC200,Rock,129.5,0.3905,1954.6,2313.2,4121.5,0.1208,-115.35,92.99,-36.83,13.69,-21.1
POP189,Pop,122.5,0.4337,2341.1,2372.4,6077.2,0.1558,-116.8,93.56,-15.95,30.98,-10.03
CLA200,Classical,80.9,0.2802,893.3,1062.2,2026.5,0.0332,-238.42,134.28,-24.56,11.46,-0.53
ROC049,Rock,100.4,0.3759,2025.8,2235.8,5067.0,0.1086,-125.82,100.52,-24.64,20.79,-21.14
POP095,Pop,109.1,0.4439,2934.6,2365.9,5896.3,0.1336,-99.06,84.68,-6.53,38.18,-16.18
HIP071,Hip-Hop,101.1,0.4246,2525.8,2164.4,3603.5,0.1174,-89.8,89.13,-4.82,36.85,-1.57
POP090,Pop,123.8,0.4328,1997.9,2474.2,5166.3,0.1266,-94.67,81.65,-14.59,35.44,-13.14
HIP129,Hip-Hop,89.5,0.4863,2666.1,2349.1,5016.4,0.129,-94.15,105.04,-7.21,33.7,-2.77
CLA168,Classical,101.9,0.1836,1305.2,1100.0,2459.2,0.0509,-217.11,148.43,-30.44,9.09,0.13
CLA129,Classical,85.3,0.2901,1389.7,907.5,1826.5,0.03,-331.32,149.32,-13.79,19.83,-2.93
ROC144,Rock,114.2,0.4182,2475.9,2193.4,3117.7,0.0659,-113.83,105.55,-21.66,19.44,-22.01
JAZ186,Jazz,112.1,0.3752,1628.3,1947.8,3831.9,0.072,-175.9,114.85,7.33,25.96,9.34
CLA026,Classical,62.0,0.1661,1318.7,1397.8,2022.0,0.0397,-208.89,142.65,-25.21,21.56,-4.24
ROC030,Rock,116.7,0.3787,1705.8,2332.6,4603.4,0.0933,-105.82,84.28,-27.72,18.74,-23.06
ROC194,Rock,121.3,0.4162,2404.4,2406.3,4739.7,0.0924,-102.72,89.32,-27.88,13.86,-22.85
HIP154,Hip-Hop,94.5,0.4331,2506.8,2626.4,5294.9,0.1071,-102.93,83.65,-15.77,31.14,-11.99
HIP123,Hip-Hop,86.6,0.4725,2014.2,2414.4,4449.9,0.1028,-110.86,109.5,-2.84,28.89,7.66
JAZ085,Jazz,111.7,0.3286,1603.8,1874.3,3439.4,0.0586,-184.48,129.34,14.63,38.58,7.69
CLA182,Classical,73.1,0.1982,953.4,1063.1,1497.6,0.0414,-240.94,111.31,-24.01,17.66,-5.86
ROC053,Rock,116.1,0.4107,2031.7,2421.8,4708.8,0.1003,-85.54,85.05,-30.5,16.81,-22.03
JAZ001,Jazz,116.3,0.3304,1883.6,2023.2,3172.1,0.0581,-153.12,108.36,4.5,30.55,2.75
POP102,Pop,110.9,0.384,2457.9,2422.8,5408.6,0.0909,-112.12,84.72,-10.99,42.61,-7.14
ROC145,Rock,133.9,0.4376,1879.2,2064.7,5348.0,0.122,-128.51,89.84,-23.48,23.49,-19.11
POP132,Pop,132.1,0.4702,2437.2,2586.9,4256.5,0.141,-91.24,82.47,-11.76,30.84,-8.11
CLA018,Classical,74.7,0.247,916.3,1046.4,1837.0,0.0344,-293.81,129.91,-27.21,23.1,-7.93
HIP029,Hip-Hop,109.4,0.408,2365.6,2277.7,4807.9,0.1248,-79.96,111.89,-4.5,36.46,-5.89
HIP145,Hip-Hop,94.4,0.4211,2297.6,1956.4,5554.9,0.0895,-89.62,101.93,-8.7,30.66,2.13
CLA023,Classical,66.2,0.1697,983.0,1170.6,1798.7,0.0297,-230.17,149.75,-28.16,5.96,-12.82
ROC166,Rock,119.5,0.3656,1689.6,2184.1,4911.0,0.1347,-55.5,110.95,-17.65,11.47,-18.71
CLA089,Classical,67.1,0.1706,862.7,1297.1,2320.8,0.0429,-259.91,138.04,-17.86,11.35,0.17
CLA081,Classical,89.1,0.2474,914.8,1083.4,2071.2,0.0199,-282.38,168.75,-20.53,19.48,-1.97
ROC073,Rock,119.4,0.4358,2213.6,2239.7,4307.7,0.1177,-92.73,91.76,-17.65,22.39,-14.04
JAZ159,Jazz,112.0,0.2839,1627.3,1660.9,3588.2,0.0793,-177.8,121.37,8.68,19.87,13.81
CLA098,Classical,63.9,0.156,1012.6,1296.2,2024.6,0.042,-235.33,141.64,-20.52,16.19,-7.02
CLA164,Classical,69.8,0.2303,597.8,1185.1,1311.9,0.0429,-274.95,116.18,-1.71,22.73,-9.34
CLA170,Classical,79.9,0.2931,808.7,1349.0,1955.8,0.0299,-237.65,159.76,-28.8,8.01,-2.51
CLA028,Classical,88.5,0.2943,1205.8,1204.4,1860.2,0.0554,-226.08,135.63,-14.49,9.68,-5.84
ROC079,Rock,144.6,0.3809,2277.4,2704.3,4915.6,0.1023,-125.45,88.4,-34.05,24.36,-23.63
HIP045,Hip-Hop,85.5,0.4009,2119.4,2390.0,4866.6,0.1094,-95.81,97.08,-10.04,35.82,-0.02
POP112,Pop,139.0,0.3847,2537.1,2662.8,5727.8,0.1052,-109.65,82.39,-5.98,25.48,-12.77
JAZ042,Jazz,113.6,0.3042,1698.0,1865.1,3317.4,0.0546,-161.88,95.79,12.07,27.42,-0.23
CLA188,Classical,74.9,0.1884,1108.1,1362.8,2001.8,0.0409,-225.74,132.24,-19.54,22.25,-0.59
ROC043,Rock,115.5,0.3815,2114.8,2214.7,4937.8,0.1523,-84.97,82.37,-21.14,23.87,-16.18
CLA137,Classical,87.7,0.1998,1340.1,1190.9,1698.7,0.0417,-307.85,125.18,-22.99,21.62,-8.09
HIP002,Hip-Hop,96.5,0.4325,2314.5,2389.6,5523.4,0.1079,-96.51,85.82,-9.82,37.34,-5.43
HIP190,Hip-Hop,103.5,0.4398,2250.9,2301.8,4782.2,0.1121,-118.83,89.92,-14.31,35.07,-5.23
ROC041,Rock,128.5,0.3908,2225.0,2173.3,5575.9,0.0869,-86.85,67.63,-38.09,12.63,-13.7
ROC013,Rock,118.1,0.407,2658.1,2195.4,4451.2,0.1118,-145.91,94.07,-39.39,19.12,-14.49
CLA199,Classical,94.6,0.184,898.8,1066.5,1930.0,0.0478,-238.73,165.47,-24.66,15.82,-11.69
HIP153,Hip-Hop,98.1,0.4831,2550.8,2393.1,4747.5,0.1174,-83.05,92.85,-10.39,26.84,-6.27
POP077,Pop,130.2,0.4571,2522.5,2319.6,5731.8,0.139,-84.88,77.98,-12.11,37.17,-9.92
JAZ148,Jazz,130.9,0.3536,2097.7,1985.3,3012.7,0.089,-155.54,130.14,20.94,22.37,10.91
CLA158,Classical,98.5,0.1565,1297.8,1411.5,2252.6,0.0535,-259.72,142.42,-24.45,27.78,-12.11
JAZ123,Jazz,99.1,0.3748,2054.4,1923.8,3643.8,0.1024,-201.99,108.99,9.9,36.89,-3.3
POP072,Pop,116.9,0.4165,2351.1,2364.8,5691.5,0.0929,-92.28,78.6,-21.98,23.83,-14.74
JAZ174,Jazz,103.5,0.3483,1442.4,1980.2,2899.3,0.0737,-164.67,117.35,-0.47,24.85,0.46
CLA163,Classical,91.6,0.2273,814.6,1318.7,1749.4,0.0331,-213.29,130.43,-31.97,8.49,-8.81
CLA101,Classical,69.6,0.2179,1524.3,1369.1,2074.3,0.0489,-234.73,129.32,-12.11,19.83,-10.65
ROC122,Rock,124.9,0.3791,2107.2,2446.8,4436.8,0.134,-120.33,86.67,-28.15,26.42,-22.66
ROC128,Rock,131.3,0.3874,2257.4,2275.3,5170.6,0.1163,-87.06,87.76,-26.87,12.71,-19.17
ROC184,Rock,96.3,0.3559,2535.7,2019.1,3884.4,0.1034,-109.91,92.76,-29.23,18.24,-21.78
JAZ098,Jazz,125.4,0.3281,1729.9,1800.3,3267.9,0.0797,-194.75,98.96,-3.55,29.85,7.15
POP137,Pop,132.1,0.4522,2751.3,2391.3,5452.1,0.1313,-68.11,83.79,-18.9,31.59,-0.49
HIP064,Hip-Hop,108.1,0.4023,2918.9,2468.4,4986.7,0.1353,-132.07,94.18,-8.53,38.31,-4.88
POP022,Pop,117.5,0.4,2666.1,2205.4,5232.4,0.1246,-106.63,93.73,-14.55,39.3,-10.24
CLA124,Classical,67.3,0.1892,1255.8,1074.3,1826.6,0.0608,-292.58,133.68,-19.99,10.9,0.32
HIP199,Hip-Hop,106.5,0.4961,2199.1,2496.0,4560.8,0.1035,-99.64,86.29,-13.49,34.31,-3.37
HIP112,Hip-Hop,95.4,0.4688,2314.8,2033.6,5515.0,0.1377,-106.52,74.66,6.9,44.28,3.14
HIP144,Hip-Hop,121.0,0.4198,2569.2,2391.4,4726.2,0.1159,-111.07,103.78,-12.69,39.52,0.89
POP030,Pop,131.5,0.4557,3125.0,2251.9,5470.6,0.1306,-102.05,99.68,-25.28,28.74,-4.32
ROC131,Rock,127.2,0.3793,2052.3,2120.5,4203.1,0.0859,-84.47,86.53,-37.88,16.16,-16.12
CLA194,Classical,76.9,0.256,1089.4,1107.0,2109.5,0.0351,-274.65,147.7,-23.91,22.37,-3.34
HIP111,Hip-Hop,87.2,0.4138,2133.9,2261.7,5423.7,0.0996,-73.53,121.9,-7.66,38.63,-2.89
ROC014,Rock,111.2,0.363,1728.1,2270.0,4354.9,0.0513,-116.5,79.54,-26.35,13.37,-16.76
POP130,Pop,128.0,0.4047,2279.4,2246.8,5160.7,0.1305,-81.7,87.76,-6.9,31.26,-10.72
JAZ194,Jazz,117.1,0.301,1713.8,1876.1,3263.4,0.0787,-193.46,117.37,1.28,34.08,0.49
CLA039,Classical,76.2,0.1837,915.6,1118.4,2437.7,0.0195,-248.66,129.8,-19.76,12.01,-4.23
ROC015,Rock,119.5,0.3724,2077.3,2103.3,4563.5,0.1108,-115.38,93.62,-32.0,26.53,-22.02
HIP120,Hip-Hop,105.6,0.4787,2744.1,2311.0,5385.3,0.0624,-90.73,80.94,-9.14,35.19,-6.86
HIP161,Hip-Hop,88.0,0.4959,2256.8,2603.6,5837.1,0.093,-114.73,108.39,0.64,39.5,-1.99
POP060,Pop,107.8,0.4183,2802.2,2558.4,5031.7,0.1247,-101.48,90.8,-22.96,46.43,-0.15
ROC020,Rock,147.1,0.4238,1968.6,2375.4,5180.3,0.1395,-90.04,95.3,-36.86,9.48,-20.37
CLA005,Classical,86.3,0.2075,805.2,1461.0,2130.1,0.0284,-270.84,151.97,-13.03,13.84,-0.53
JAZ153,Jazz,90.2,0.3478,1611.9,1914.4,3120.9,0.0601,-167.04,112.53,1.79,23.12,4.83
POP181,Pop,126.5,0.4037,2836.7,2344.8,5004.3,0.1556,-107.26,89.71,-14.32,41.11,-12.28
POP136,Pop,115.9,0.3899,2628.1,2176.3,5274.2,0.1271,-56.02,71.03,-7.39,31.43,-11.79
CLA085,Classical,85.4,0.2526,900.5,896.8,1663.8,0.0351,-291.84,119.07,-40.17,19.98,-2.7
CLA003,Classical,97.6,0.2315,1129.8,1316.0,2355.4,0.0455,-250.29,132.27,-17.37,15.95,-9.81
CLA154,Classical,76.2,0.2952,1536.5,1384.3,1961.1,0.0347,-275.91,143.01,-17.67,13.5,-8.15
JAZ133,Jazz,134.4,0.3456,1711.1,1669.7,3669.7,0.0851,-194.37,100.73,24.41,22.15,-0.56
HIP021,Hip-Hop,96.0,0.4069,2268.0,2276.7,4492.6,0.1008,-96.31,82.87,-9.32,39.98,-6.0
HIP099,Hip-Hop,96.6,0.4056,2432.2,2367.1,5416.9,0.117,-90.88,98.27,-6.04,37.13,-8.7
JAZ037,Jazz,115.5,0.3066,2116.2,1988.0,3077.0,0.1019,-173.13,109.21,12.19,22.14,4.8
HIP169,Hip-Hop,106.1,0.4973,2628.6,2340.3,5660.9,0.1008,-104.9,96.82,-5.43,38.81,-4.81
CLA145,Classical,91.3,0.1872,1197.4,1270.5,1823.5,0.0407,-241.41,146.37,-42.88,14.49,-9.24
CLA016,Classical,70.6,0.188,1055.7,1190.7,2281.3,0.0407,-247.47,145.05,-20.92,15.99,-8.71
JAZ046,Jazz,100.2,0.3037,2408.6,2009.9,3350.2,0.0852,-199.76,118.74,6.76,32.38,-1.79
CLA074,Classical,75.4,0.1934,1050.7,1262.5,1903.5,0.0459,-302.99,142.32,-37.99,7.8,-15.28
CLA105,Classical,80.3,0.2256,1040.4,1176.2,1900.5,0.0349,-281.43,168.92,-13.48,21.41,-7.99
POP129,Pop,126.6,0.4273,2078.4,2494.0,5048.5,0.1224,-59.03,73.57,-13.32,32.64,0.89
JAZ064,Jazz,108.4,0.3407,1360.5,1441.5,2950.1,0.0843,-233.59,122.13,12.34,27.31,-3.05
ROC031,Rock,130.3,0.4258,2206.7,2415.1,4734.6,0.1161,-136.94,92.15,-27.95,8.41,-17.5
JAZ178,Jazz,120.9,0.3199,2015.4,1926.3,3096.9,0.0726,-126.97,123.95,1.99,25.66,2.66
HIP134,Hip-Hop,91.8,0.4546,2309.4,2372.5,5821.1,0.0946,-98.81,98.92,-6.05,42.52,-0.27
POP175,Pop,110.7,0.4541,2683.8,2508.0,5444.7,0.1082,-68.43,79.03,2.47,29.83,-2.02
JAZ118,Jazz,86.5,0.3785,2482.5,1733.1,3936.8,0.0921,-162.2,105.18,7.66,17.02,4.65
CLA083,Classical,72.1,0.1534,1283.6,1386.7,1537.4,0.0477,-221.57,173.1,-12.84,8.01,-8.82
POP054,Pop,113.9,0.4676,2781.6,2425.4,4175.1,0.1428,-112.06,77.04,-8.45,38.97,-12.58
CLA057,Classical,70.0,0.1998,1064.5,1448.7,1912.8,0.0555,-259.63,166.27,-18.28,27.68,-6.86
POP157,Pop,125.9,0.4485,2099.6,2364.4,5127.4,0.1101,-112.8,66.07,-19.37,15.97,-9.92
HIP008,Hip-Hop,95.9,0.4594,2449.3,2431.2,4611.4,0.069,-85.46,111.48,-1.87,35.92,-4.76
HIP069,Hip-Hop,110.5,0.4933,2682.6,2433.2,4658.8,0.0858,-112.91,95.62,-14.59,39.98,-1.33
POP093,Pop,117.7,0.3921,2733.2,2405.1,5293.0,0.1462,-99.16,89.68,-21.41,27.89,-8.89
POP066,Pop,137.5,0.4767,2419.4,2644.4,5973.9,0.1573,-89.62,59.22,-27.29,36.01,-4.25
HIP054,Hip-Hop,97.5,0.4213,2097.4,2327.1,3930.8,0.109,-99.9,108.61,1.06,38.87,-9.32
HIP097,Hip-Hop,95.6,0.4655,2522.3,2454.4,5028.2,0.1092,-118.91,89.17,5.48,42.28,-8.5
JAZ121,Jazz,91.5,0.3471,1665.7,2024.6,3358.7,0.0942,-198.05,127.4,5.75,27.54,4.14
JAZ156,Jazz,95.2,0.3754,1984.8,2162.5,3762.9,0.0979,-193.79,114.12,0.82,24.31,0.76
CLA066,Classical,60.2,0.2993,957.2,1251.7,1780.3,0.0465,-294.46,128.88,-14.03,20.11,-8.34
POP147,Pop,112.1,0.4251,2662.0,2586.7,5022.9,0.0935,-48.34,103.08,-13.19,34.21,-12.59
ROC152,Rock,126.4,0.3902,2139.4,2261.2,4435.4,0.1458,-111.2,80.57,-38.3,20.14,-27.01
CLA118,Classical,95.2,0.2588,1235.9,1202.3,2374.0,0.0614,-204.19,134.98,-20.91,16.52,-4.83
HIP127,Hip-Hop,107.8,0.4881,2412.2,2270.2,5367.9,0.0714,-91.79,86.9,-8.99,38.08,-4.59
CLA007,Classical,94.1,0.2424,1124.1,1247.0,2198.9,0.0437,-236.17,135.6,-14.98,12.51,-9.17
HIP186,Hip-Hop,88.3,0.4593,1877.9,2162.0,4539.6,0.1285,-86.14,90.34,1.8,35.01,-6.14
ROC181,Rock,127.1,0.3903,2206.6,2200.1,4529.1,0.1015,-83.74,88.85,-36.6,26.06,-20.47
POP026,Pop,117.0,0.4752,2575.2,2429.0,5102.0,0.1108,-100.34,78.6,-26.34,48.81,-6.04
CLA084,Classical,66.6,0.1651,828.0,1248.6,1925.7,0.0458,-313.36,138.13,-18.97,15.02,-15.9
POP183,Pop,122.8,0.4629,2503.2,2400.9,5270.4,0.1046,-76.03,79.96,-8.91,32.75,-4.47
JAZ088,Jazz,119.4,0.3751,1454.2,1804.9,3630.0,0.0609,-152.64,115.41,10.84,9.3,4.6
HIP160,Hip-Hop,94.0,0.4998,1688.1,1923.0,4774.4,0.0891,-107.83,93.07,-10.14,36.96,-4.33
JAZ094,Jazz,120.0,0.3284,2086.2,2190.7,3130.4,0.1016,-219.02,128.78,8.07,28.84,1.14
POP041,Pop,135.1,0.4012,2680.7,2630.8,5510.3,0.1312,-75.67,94.9,-10.55,35.23,-14.83
POP014,Pop,139.4,0.4411,2521.1,2344.5,5458.7,0.116,-117.44,106.12,-26.76,37.2,-7.63
POP057,Pop,116.8,0.4643,2307.2,2312.5,5531.3,0.1554,-92.18,95.13,-16.02,31.71,-5.4
POP104,Pop,130.7,0.4432,2172.3,2189.9,5572.7,0.1137,-106.53,95.5,-1.38,35.59,-8.99
JAZ072,Jazz,116.6,0.3725,1319.7,1877.0,3380.0,0.0808,-239.12,116.44,10.41,15.04,4.55
ROC183,Rock,137.9,0.3786,2453.4,1982.0,4606.6,0.0944,-130.6,74.67,-31.75,13.43,-24.25
ROC103,Rock,116.9,0.4258,1954.5,1873.9,4379.5,0.1303,-122.3,88.72,-25.68,27.58,-18.35
HIP180,Hip-Hop,79.3,0.4021,1892.9,2421.1,4640.6,0.1148,-90.82,99.04,-13.32,38.42,-3.16
JAZ071,Jazz,100.7,0.355,1404.8,1986.0,4311.1,0.0894,-180.1,113.29,15.21,26.74,8.74
CLA141,Classical,79.9,0.177,1105.2,851.1,1751.8,0.0467,-297.69,164.17,-9.6,22.12,-7.76
CLA139,Classical,61.0,0.2261,1116.1,1339.9,2096.4,0.031,-297.03,134.28,-21.55,22.99,-0.82
HIP083,Hip-Hop,93.1,0.4461,2086.2,2668.4,4689.7,0.0865,-98.05,68.7,3.91,38.34,-4.11
ROC090,Rock,122.3,0.4153,1936.1,2428.6,4936.0,0.0817,-98.81,83.9,-31.57,6.69,-27.01
CLA072,Classical,68.5,0.2514,701.5,1411.1,1570.5,0.0493,-235.22,154.63,-10.6,25.42,-2.42
ROC065,Rock,111.5,0.4048,1914.0,2317.7,4041.0,0.0836,-99.53,90.99,-30.32,14.29,-12.68
ROC102,Rock,130.2,0.4274,2208.0,2139.5,4949.9,0.1252,-105.55,101.75,-34.68,20.57,-24.16
HIP017,Hip-Hop,96.0,0.4958,2338.5,2565.1,4554.0,0.1068,-119.77,87.81,-1.45,37.09,-4.27
HIP107,Hip-Hop,92.7,0.4276,2078.3,2156.3,5070.2,0.1026,-112.59,96.88,-6.43,41.21,-8.8
HIP026,Hip-Hop,117.5,0.4364,1771.2,2596.2,5443.9,0.1078,-110.39,81.68,-7.16,46.13,-6.11
JAZ089,Jazz,105.5,0.3412,1552.0,1881.3,3106.7,0.0743,-214.75,118.32,14.45,18.16,11.58
ROC164,Rock,135.4,0.3521,1958.8,2225.7,4592.0,0.1402,-114.42,80.53,-25.79,21.23,-19.61
JAZ149,Jazz,92.1,0.3581,1934.4,1691.7,3938.2,0.0842,-159.63,104.65,12.55,13.71,13.04
ROC190,Rock,152.0,0.3582,1862.2,2244.2,4334.7,0.1116,-136.48,101.28,-39.46,17.62,-22.12
CLA076,Classical,81.9,0.1801,867.1,1231.0,1761.4,0.0424,-247.15,140.61,-14.47,10.83,-7.37
JAZ135,Jazz,111.5,0.3689,2123.3,2052.5,3156.6,0.0728,-217.05,107.89,7.62,22.27,10.83
HIP046,Hip-Hop,93.7,0.4175,2919.7,2200.3,5307.4,0.0963,-86.5,95.12,-7.08,42.72,-7.04
HIP024,Hip-Hop,102.2,0.4542,2747.3,2521.1,5253.6,0.1073,-112.06,94.27,-12.31,31.08,-1.63
POP009,Pop,132.0,0.4493,2582.0,2541.2,5224.7,0.1074,-72.98,62.57,-7.88,28.24,-4.91
JAZ107,Jazz,87.2,0.3511,1761.2,1905.3,3756.2,0.0711,-204.68,133.77,-2.63,28.74,13.81
ROC019,Rock,97.8,0.3687,2441.0,2101.7,4572.2,0.1233,-92.81,95.04,-30.46,21.34,-28.3
POP115,Pop,126.9,0.4743,2331.5,2223.9,5627.7,0.102,-101.28,74.5,-36.25,41.01,-7.08
ROC138,Rock,119.4,0.3702,2816.0,2178.9,5191.2,0.0971,-117.76,85.62,-28.42,4.19,-18.47
CLA030,Classical,82.9,0.2776,514.3,1175.0,2070.7,0.0514,-272.38,151.21,-17.35,20.73,-7.77
JAZ052,Jazz,108.1,0.3204,1918.4,1893.5,4151.1,0.0875,-183.19,111.4,14.43,16.43,8.87
HIP043,Hip-Hop,90.0,0.4227,2368.6,2151.6,5618.7,0.0731,-92.49,86.1,-14.45,36.85,-7.25
CLA095,Classical,71.0,0.265,891.4,885.3,1945.5,0.0392,-290.07,147.63,-22.4,26.8,-2.92
POP133,Pop,123.1,0.3857,2639.9,2244.8,4866.5,0.1349,-118.19,93.36,-23.0,20.47,-9.29
JAZ058,Jazz,95.1,0.3684,1457.8,1796.2,3254.4,0.0851,-172.52,83.45,8.37,27.3,9.0
HIP022,Hip-Hop,100.3,0.4072,2668.9,2386.3,5453.5,0.1098,-90.24,104.26,0.79,38.63,3.02
HIP139,Hip-Hop,101.9,0.4449,2343.9,2180.9,4003.5,0.0751,-105.85,90.8,-6.65,44.8,-2.7
ROC121,Rock,140.6,0.363,2336.3,2192.0,4921.3,0.1017,-117.9,91.89,-22.8,24.88,-20.03
POP182,Pop,106.5,0.4686,2304.2,2274.0,5116.8,0.1611,-111.81,64.87,-22.18,45.36,-13.46
CLA135,Classical,88.4,0.2338,875.0,1337.0,1464.9,0.0272,-252.93,137.68,-10.54,7.02,-7.46
JAZ119,Jazz,103.8,0.3546,1771.2,1699.0,2743.2,0.0611,-192.11,119.59,6.43,17.61,-0.41
CLA046,Classical,71.4,0.2398,793.2,1006.3,1604.9,0.042,-260.11,164.41,-29.65,22.49,-5.94
ROC167,Rock,136.8,0.3947,2484.4,1957.8,4359.5,0.1376,-110.89,86.63,-19.49,17.4,-21.0
JAZ164,Jazz,110.1,0.3107,1975.5,1899.4,2809.5,0.0887,-192.07,104.79,26.34,31.01,-0.05
JAZ095,Jazz,102.5,0.3474,1721.8,1945.3,3225.5,0.074,-199.69,99.63,7.82,26.39,-1.44
ROC007,Rock,111.4,0.3525,2141.9,2078.2,3869.3,0.1066,-112.69,83.19,-34.4,16.34,-12.03
HIP082,Hip-Hop,89.8,0.4107,2763.1,2337.5,5351.7,0.099,-82.93,99.3,5.54,39.39,-4.03
ROC063,Rock,126.5,0.3786,2158.3,2117.0,4828.9,0.1343,-110.59,97.96,-25.33,19.0,-22.15
JAZ196,Jazz,85.6,0.3313,1347.9,1950.2,3944.8,0.0414,-199.0,100.58,21.21,26.68,4.28
JAZ124,Jazz,71.4,0.3762,1934.6,1779.1,3138.4,0.0438,-181.79,129.29,14.79,29.28,2.31
POP037,Pop,88.5,0.3915,2475.0,2280.3,5481.9,0.1061,-80.58,98.88,-18.11,30.91,-10.76
ROC150,Rock,114.5,0.4144,1903.6,2360.0,4507.8,0.1145,-94.25,90.44,-40.64,13.99,-25.66
POP195,Pop,98.7,0.4792,2706.6,2204.1,3575.4,0.0949,-119.58,66.55,-23.98,36.05,-7.65
JAZ067,Jazz,128.3,0.3073,1585.8,1989.5,2925.7,0.065,-188.76,114.89,6.91,31.2,0.22
POP172,Pop,102.5,0.3849,2638.7,2499.1,4936.0,0.1116,-83.16,83.24,2.77,42.42,-11.12
ROC060,Rock,129.7,0.4277,2283.1,1981.8,4604.6,0.1098,-148.96,91.28,-18.14,21.71,-10.08
HIP188,Hip-Hop,105.2,0.4243,2290.1,2729.2,4398.7,0.1076,-78.13,95.45,-7.24,37.52,-7.28
HIP052,Hip-Hop,100.5,0.4995,2733.4,2437.5,3885.1,0.0749,-78.49,87.21,-2.36,42.19,-0.51
HIP178,Hip-Hop,94.9,0.4876,2538.9,2307.8,4802.9,0.1107,-88.13,120.2,-8.73,34.99,-4.96
HIP047,Hip-Hop,91.8,0.4454,2380.3,2411.2,4307.9,0.1135,-104.8,102.04,10.19,33.24,-0.77
JAZ177,Jazz,92.2,0.3788,1483.8,1845.0,3223.1,0.0773,-155.99,108.4,2.06,31.85,13.43
POP106,Pop,130.8,0.3882,2424.8,2547.9,6170.5,0.1026,-98.1,86.59,-17.48,42.82,-6.22
POP135,Pop,98.9,0.4764,2532.5,2647.9,5402.8,0.1067,-85.5,74.8,-32.08,34.05,-4.36
CLA128,Classical,82.4,0.1874,998.0,1267.8,1402.9,0.0477,-254.28,146.73,-23.25,14.78,0.26
ROC162,Rock,138.4,0.4196,2050.1,2056.5,3964.1,0.0729,-106.76,90.95,-24.88,22.95,-22.07
HIP133,Hip-Hop,92.1,0.4676,2742.1,2328.7,5029.1,0.1368,-82.67,83.41,-11.54,42.44,-2.65
POP119,Pop,106.0,0.4366,2097.4,2733.0,5272.9,0.109,-114.07,85.91,-12.81,42.25,-8.76
ROC115,Rock,109.8,0.4166,2014.6,2119.1,4871.8,0.1055,-120.79,96.01,-27.31,20.25,-20.75
JAZ155,Jazz,107.3,0.2915,1846.6,1906.2,3357.0,0.0857,-176.47,105.98,8.21,23.7,5.24
JAZ140,Jazz,91.0,0.3151,2360.7,1829.5,3077.9,0.0762,-218.8,108.23,10.27,17.79,-1.38
ROC040,Rock,129.3,0.3901,2150.7,2414.3,4455.0,0.1135,-104.81,104.46,-39.9,18.66,-17.7
JAZ145,Jazz,107.1,0.3507,1941.2,1525.3,3060.5,0.0699,-208.94,114.47,20.63,31.1,5.91
HIP121,Hip-Hop,92.3,0.4756,2515.7,2139.9,4372.0,0.119,-88.5,92.82,-9.75,40.34,-3.17
ROC172,Rock,136.6,0.3701,2275.1,2009.1,4747.5,0.0872,-115.98,96.05,-52.05,27.84,-19.41
CLA185,Classical,86.7,0.2563,788.5,1031.6,1952.3,0.0394,-263.75,169.01,-13.43,10.87,-10.15
HIP040,Hip-Hop,98.9,0.4844,2482.6,2116.7,5461.9,0.1082,-93.51,98.36,-4.89,42.34,-7.34
JAZ111,Jazz,106.3,0.3732,1871.9,2370.4,3237.2,0.0714,-229.49,121.74,7.15,21.99,2.06
JAZ054,Jazz,110.4,0.3615,1937.6,1741.9,3230.9,0.0794,-212.75,110.12,6.06,30.07,8.22
JAZ038,Jazz,99.1,0.2954,1824.6,1955.2,3207.7,0.0828,-195.65,112.3,21.94,22.02,9.7
HIP124,Hip-Hop,94.3,0.4255,2312.6,2184.7,4467.0,0.0936,-116.59,101.79,-14.81,48.24,-0.09
JAZ139,Jazz,107.3,0.375,1602.5,2101.5,3567.0,0.0966,-177.61,94.32,12.86,23.66,7.63
POP192,Pop,124.3,0.3906,2531.9,2310.3,5809.4,0.0919,-75.11,64.76,-15.58,32.23,-11.12
JAZ197,Jazz,112.3,0.307,2024.9,1703.8,3351.7,0.0744,-167.72,111.83,17.12,21.36,-1.07
HIP173,Hip-Hop,102.8,0.4744,2337.3,2181.4,5020.0,0.104,-97.6,106.81,-1.46,36.05,-6.36
HIP200,Hip-Hop,95.5,0.4353,2343.9,2092.2,5139.2,0.1174,-120.14,90.97,-12.81,30.26,0.75
POP085,Pop,106.6,0.415,2920.4,2365.6,6426.0,0.1,-93.25,88.16,-20.93,31.43,-6.1
CLA197,Classical,89.2,0.2843,812.5,1182.6,1160.1,0.0291,-258.78,153.19,-16.69,5.98,-14.14
JAZ180,Jazz,122.1,0.2921,1482.3,2162.5,4190.2,0.0526,-194.57,124.11,7.7,29.73,-5.08
HIP170,Hip-Hop,98.6,0.4297,2836.9,2518.8,4287.1,0.0939,-92.51,87.89,7.53,37.89,-10.38
POP142,Pop,101.2,0.3945,2266.3,2169.1,6150.6,0.114,-122.94,64.26,-30.43,27.63,-9.15
CLA036,Classical,79.8,0.245,1154.5,935.8,1801.6,0.0512,-231.33,175.98,-16.64,19.32,-4.02
ROC083,Rock,130.0,0.4248,2371.2,2262.1,4204.4,0.1141,-126.59,94.38,-19.44,14.64,-23.09
CLA009,Classical,77.5,0.1636,1111.1,1305.6,1929.8,0.0337,-247.7,138.06,-21.24,16.22,-0.66
JAZ190,Jazz,107.4,0.3441,1704.7,1633.5,3230.0,0.0706,-159.59,90.93,1.71,30.84,3.47
CLA020,Classical,82.6,0.1651,1018.6,1243.4,2171.9,0.0409,-179.12,161.58,-41.61,10.3,-6.21
ROC052,Rock,114.6,0.3689,2261.0,2248.4,4362.3,0.0845,-114.43,78.0,-33.7,18.28,-20.14
POP152,Pop,103.5,0.4702,2606.2,2191.5,4770.6,0.1173,-109.11,78.6,-0.68,32.54,-5.78
CLA143,Classical,71.1,0.2967,802.4,1408.0,1777.8,0.0387,-269.94,168.72,-19.65,14.22,-2.41
POP179,Pop,122.5,0.4352,2433.7,2464.8,4870.9,0.1052,-107.3,85.69,-27.59,37.65,-11.65
CLA087,Classical,77.8,0.2288,850.0,1163.7,1851.4,0.0315,-202.95,117.64,-35.04,12.62,-16.12
HIP155,Hip-Hop,92.6,0.4842,2212.8,2250.1,4685.6,0.1008,-118.04,99.27,-4.04,36.6,-4.83
CLA190,Classical,78.7,0.2235,1109.6,1171.9,1983.0,0.0481,-247.24,165.68,-17.36,15.12,-0.83
JAZ087,Jazz,104.4,0.3567,2198.9,1952.9,3178.2,0.085,-209.15,113.28,14.95,21.84,2.9
HIP130,Hip-Hop,106.4,0.4573,2306.7,2404.4,5003.6,0.062,-106.12,100.94,-10.31,36.15,2.69
HIP114,Hip-Hop,80.0,0.4399,2345.9,2142.6,4754.4,0.1149,-58.15,108.37,5.42,44.18,-4.57
HIP091,Hip-Hop,99.0,0.4632,2216.0,2371.3,4913.9,0.1123,-110.02,90.79,6.88,46.73,-5.4
ROC067,Rock,102.7,0.4311,1804.8,2209.1,5034.4,0.1305,-129.25,95.25,-23.59,30.32,-20.77
HIP126,Hip-Hop,94.4,0.4284,2718.8,2354.7,4826.7,0.1042,-109.63,95.38,-8.01,37.7,3.45
HIP122,Hip-Hop,102.2,0.4022,1986.1,2351.8,4502.9,0.1155,-122.4,103.77,-1.73,31.18,-12.07
JAZ129,Jazz,98.7,0.3197,1543.8,1887.1,3436.0,0.0756,-188.58,107.14,10.81,34.13,5.1
ROC112,Rock,94.7,0.4019,2162.9,2198.2,4656.8,0.1045,-100.37,98.82,-27.43,23.64,-27.01
ROC032,Rock,120.1,0.4151,2271.0,2108.7,5571.9,0.1135,-110.8,86.91,-26.34,14.83,-25.6
CLA010,Classical,90.1,0.2393,1229.0,1075.5,1786.0,0.0678,-226.29,152.39,-8.66,13.97,-1.66
HIP093,Hip-Hop,95.6,0.486,2428.4,2382.9,4301.5,0.102,-88.65,97.47,1.81,47.61,1.35
JAZ116,Jazz,90.1,0.3346,1607.9,1898.4,2966.7,0.0622,-189.98,106.35,11.78,24.33,5.38
HIP079,Hip-Hop,101.1,0.4233,2284.7,2452.7,4777.1,0.1268,-127.78,97.12,-4.09,41.23,-2.04
ROC051,Rock,118.6,0.431,2347.2,2255.6,4654.7,0.1168,-98.82,72.33,-39.83,27.08,-20.15
POP154,Pop,132.1,0.4147,2852.8,2579.2,4438.9,0.119,-87.76,78.13,-8.91,39.07,-6.45
JAZ018,Jazz,87.8,0.3178,2032.9,1607.8,3557.6,0.0642,-179.51,113.41,9.19,30.24,5.13
CLA033,Classical,72.3,0.2269,527.0,1188.0,2016.8,0.0322,-206.38,126.24,-23.1,11.23,-5.53
POP075,Pop,144.9,0.4024,2342.9,2611.1,5513.5,0.127,-72.23,94.34,-19.62,36.74,-7.28
ROC069,Rock,142.0,0.3769,2180.5,2305.6,4139.7,0.0887,-110.78,104.86,-21.79,16.84,-18.94
POP061,Pop,128.7,0.407,2595.4,2675.9,6128.2,0.1364,-80.36,74.83,-20.11,39.42,-8.71
ROC009,Rock,116.0,0.4222,2174.7,2212.9,4860.6,0.1483,-130.51,92.27,-29.13,17.36,-23.26
CLA189,Classical,83.8,0.201,1205.0,1379.0,2081.0,0.0265,-239.74,139.79,-32.16,13.91,2.12
HIP138,Hip-Hop,81.1,0.4077,2552.6,2302.4,4375.3,0.1153,-92.32,107.75,-4.11,40.81,-2.31
JAZ170,Jazz,105.3,0.2875,1808.4,2296.8,3162.4,0.0703,-134.43,129.83,-6.53,23.3,9.17
ROC064,Rock,145.7,0.4325,2215.3,2189.7,4680.0,0.115,-105.84,77.24,-24.67,14.02,-10.67
ROC094,Rock,119.5,0.3886,2183.1,2104.7,3693.1,0.082,-127.25,90.21,-23.69,13.48,-14.12
ROC116,Rock,104.9,0.3835,2347.5,2128.4,5028.3,0.1379,-90.92,79.15,-35.11,9.53,-11.1
JAZ172,Jazz,103.8,0.3648,1845.9,2000.4,3916.0,0.0875,-184.58,129.6,11.59,27.29,12.34
ROC086,Rock,127.6,0.4085,2101.4,2310.7,5086.4,0.1067,-126.27,86.66,-15.6,31.22,-31.08
JAZ151,Jazz,115.4,0.2826,1549.8,1841.7,3640.1,0.0854,-175.67,119.75,21.59,20.77,-0.12
CLA086,Classical,72.6,0.2539,899.9,1224.1,1624.5,0.0413,-266.85,144.57,-23.8,18.02,1.79
ROC084,Rock,129.3,0.3515,2507.6,2350.4,4310.5,0.1171,-85.03,103.84,-30.62,16.01,-20.94
ROC168,Rock,118.2,0.4009,2059.6,2441.2,4210.2,0.1123,-71.27,95.63,-41.87,19.57,-16.87
POP185,Pop,112.1,0.4748,2645.1,1936.7,5531.7,0.1351,-109.07,98.35,-7.24,33.6,-2.55
JAZ167,Jazz,85.9,0.3626,1500.8,1926.9,3189.7,0.0897,-182.73,111.44,21.31,20.48,1.99
JAZ078,Jazz,112.9,0.3405,1929.0,1837.7,3865.0,0.114,-190.85,74.93,1.1,18.45,7.76
HIP068,Hip-Hop,98.1,0.4398,1691.0,2198.6,5047.2,0.1057,-99.3,91.11,-7.92,33.4,-6.85
POP108,Pop,124.6,0.4761,2770.9,2608.1,4848.4,0.0959,-100.27,80.25,-18.73,42.84,-4.86
CLA140,Classical,90.7,0.2582,951.3,1345.3,2250.4,0.0246,-290.08,160.71,-27.51,8.37,-4.29
ROC010,Rock,138.8,0.4052,2663.2,2333.4,4489.8,0.1139,-91.13,92.52,-21.5,23.03,-23.32
POP035,Pop,102.4,0.4472,2634.6,2624.0,5813.6,0.1656,-79.7,78.29,-16.27,40.32,-4.62
HIP182,Hip-Hop,115.8,0.4043,2109.0,2522.5,5096.9,0.0781,-100.18,100.37,-1.28,39.57,2.69
ROC170,Rock,120.5,0.4148,2278.1,2289.6,4181.8,0.0926,-94.83,89.79,-32.49,30.16,-9.9
ROC187,Rock,103.9,0.3844,2113.4,2058.3,4824.3,0.1069,-105.69,91.78,-23.8,23.59,-23.96
POP029,Pop,122.5,0.4072,2767.3,2372.1,5068.1,0.1183,-59.65,75.14,-22.35,42.88,-9.45
POP020,Pop,117.0,0.4307,2269.8,2574.3,6019.6,0.1143,-94.71,83.36,-13.71,38.01,-8.91
HIP103,Hip-Hop,86.5,0.4882,2129.1,2364.7,4880.3,0.0993,-75.33,99.28,-13.97,37.14,-4.37
POP044,Pop,116.7,0.4649,2586.8,2256.7,5465.6,0.1212,-135.93,90.4,-10.72,19.1,-8.09
CLA029,Classical,67.7,0.2488,588.4,1178.6,1317.5,0.0353,-221.94,164.65,-33.37,11.48,-1.49
HIP100,Hip-Hop,89.6,0.4012,2465.0,2264.0,5431.2,0.1012,-97.33,106.79,-9.36,38.51,-2.88
HIP023,Hip-Hop,109.5,0.4017,1640.1,2514.6,4346.3,0.0897,-95.72,111.43,-12.53,34.19,-6.61
CLA123,Classical,83.3,0.1957,1270.3,1438.5,1384.3,0.0328,-279.83,146.44,-23.73,25.89,-4.9
ROC198,Rock,119.0,0.3856,2059.9,2558.9,3903.9,0.0961,-123.8,78.92,-31.81,24.47,-24.44
ROC012,Rock,110.3,0.418,2174.5,2537.2,3839.4,0.0848,-108.96,68.69,-30.51,18.12,-9.2
ROC143,Rock,102.4,0.372,2307.8,2106.8,5097.3,0.0734,-65.92,103.08,-28.24,23.7,-19.41
POP088,Pop,155.6,0.3846,2591.2,2583.2,5112.3,0.0926,-88.08,73.69,-11.1,31.87,-6.31
POP048,Pop,112.2,0.434,2285.7,2700.7,4460.4,0.1216,-109.96,80.41,-14.99,25.59,-6.27
POP062,Pop,111.6,0.4759,2655.1,2019.6,5732.4,0.1338,-80.01,84.81,-19.09,23.95,-5.07
POP196,Pop,120.4,0.3982,2913.0,2255.5,4747.6,0.1158,-113.77,75.64,-22.27,42.25,-2.78
CLA059,Classical,60.8,0.2755,840.9,1309.5,1958.5,0.0443,-243.74,173.76,-16.94,19.49,-0.7
CLA115,Classical,77.5,0.2229,1189.1,1222.3,1914.4,0.046,-274.92,155.07,-17.21,11.03,-3.87
POP074,Pop,125.8,0.4102,2479.0,2601.1,5208.1,0.1537,-119.7,77.14,-11.68,44.7,-10.23
ROC008,Rock,136.8,0.3948,1712.0,2100.3,4704.7,0.1296,-133.9,82.91,-24.37,16.56,-15.26
CLA195,Classical,84.1,0.249,922.6,1266.9,1327.0,0.0549,-177.91,162.4,-15.9,6.4,-2.1
JAZ096,Jazz,111.0,0.3263,1456.3,1927.6,3279.0,0.0818,-197.05,107.6,9.74,29.29,4.8
ROC141,Rock,108.7,0.3561,2379.8,2092.2,4625.7,0.0833,-95.3,112.78,-32.35,7.02,-22.62
CLA048,Classical,96.2,0.2475,1061.2,1158.5,2203.9,0.0381,-258.42,158.54,-21.9,20.16,-13.59
POP067,Pop,109.5,0.4522,2565.1,2305.6,4881.0,0.0909,-77.41,92.46,-21.1,36.35,-18.5
ROC109,Rock,133.0,0.3502,2267.6,2376.8,4100.0,0.0833,-74.65,93.24,-26.55,20.53,-19.8
JAZ195,Jazz,86.2,0.3287,1632.3,1932.0,4024.5,0.0631,-197.35,115.7,3.13,26.17,-2.9
CLA099,Classical,78.3,0.1765,1410.7,1387.5,1558.9,0.0371,-253.66,148.88,-16.62,5.94,-3.68
CLA102,Classical,82.6,0.1593,882.4,1123.1,1456.2,0.0305,-251.23,126.13,-20.4,16.57,-6.81
ROC123,Rock,103.1,0.3705,2017.6,2094.5,4668.4,0.1283,-83.83,98.9,-32.16,14.32,-20.12
JAZ029,Jazz,98.5,0.3369,1612.6,1893.1,3779.4,0.0817,-93.63,97.26,11.4,27.19,-4.31
CLA024,Classical,88.2,0.2663,1104.9,1330.3,1903.1,0.0381,-233.27,122.64,-12.08,15.12,-9.07
ROC044,Rock,122.1,0.393,2605.1,2093.9,4459.4,0.1353,-120.85,64.07,-28.6,28.34,-19.2
ROC148,Rock,118.9,0.3601,2183.6,2128.1,4353.1,0.1085,-103.22,88.37,-25.88,25.27,-26.06
POP138,Pop,118.8,0.429,2885.3,2305.5,4552.7,0.1445,-104.87,80.79,-16.41,40.96,0.58
HIP062,Hip-Hop,94.8,0.4873,2445.8,2383.8,5567.4,0.1131,-108.83,104.29,-1.85,45.78,-3.61
POP166,Pop,123.3,0.4752,2277.6,2361.2,5496.1,0.1033,-95.31,78.74,-7.01,37.76,-12.05
ROC185,Rock,101.9,0.4176,1943.1,2213.0,4609.6,0.1226,-130.31,81.99,-36.53,15.55,-17.16
POP065,Pop,130.7,0.4205,2576.2,2593.7,5109.8,0.1191,-93.01,85.48,-18.29,33.59,2.72
CLA075,Classical,94.7,0.1853,1020.3,1420.2,1754.2,0.0234,-270.6,148.92,-2.69,9.09,-6.02
ROC027,Rock,101.6,0.4069,2540.9,2173.8,3798.9,0.0997,-131.56,89.96,-31.04,18.69,-23.72
HIP191,Hip-Hop,101.0,0.4389,2319.2,2266.5,5003.7,0.097,-82.19,85.76,-1.71,35.01,-1.28
HIP181,Hip-Hop,84.7,0.4491,2116.6,2342.0,5230.1,0.1378,-111.88,125.52,-6.33,42.0,-6.56
CLA116,Classical,70.6,0.1553,1071.8,1398.8,1946.2,0.0356,-249.03,131.84,-18.66,6.91,-0.44
HIP197,Hip-Hop,92.1,0.4586,2164.2,2593.1,5090.6,0.1128,-96.54,101.02,3.72,42.32,-2.78
HIP019,Hip-Hop,101.0,0.4457,2529.8,2037.5,4770.9,0.1048,-141.49,85.43,4.03,27.93,-1.35
JAZ117,Jazz,112.7,0.3512,1938.2,2023.6,2993.7,0.0708,-175.07,97.2,9.92,13.42,4.42
ROC016,Rock,110.8,0.374,2171.4,1871.0,4884.8,0.1328,-141.46,92.2,-34.63,12.62,-22.52
ROC199,Rock,142.9,0.4136,2373.4,2388.8,4267.4,0.1351,-123.65,80.97,-40.65,23.24,-21.77
CLA055,Classical,81.4,0.2012,1035.8,1187.0,1838.7,0.0411,-239.42,161.18,-7.47,15.3,-0.36
CLA013,Classical,103.2,0.2302,1255.6,1401.9,1831.4,0.0354,-194.34,122.85,-5.9,22.54,-2.9
POP049,Pop,127.9,0.4695,2489.8,2186.9,5505.8,0.1222,-90.05,75.84,0.99,38.72,-6.56
JAZ105,Jazz,97.9,0.3588,1622.8,1922.0,3275.1,0.0733,-199.87,102.79,17.85,24.64,-4.28
POP127,Pop,133.7,0.4455,3112.6,2253.7,5149.3,0.0844,-95.07,68.71,-12.67,39.0,-14.37
JAZ157,Jazz,112.0,0.32,1913.1,2033.9,3054.9,0.0765,-172.75,109.73,17.08,33.23,7.85
ROC087,Rock,143.1,0.391,2227.2,2320.6,4583.4,0.1278,-95.61,86.6,-34.68,26.63,-17.23
POP200,Pop,117.7,0.4208,2813.8,2242.0,5731.7,0.1197,-81.65,107.26,-11.8,34.8,-4.23
ROC021,Rock,120.0,0.4356,1798.5,2244.5,4999.4,0.1089,-106.45,98.29,-25.42,20.52,-21.62
POP114,Pop,112.3,0.4121,2925.6,2374.7,5288.3,0.1191,-82.15,93.88,-13.01,35.63,-2.97
CLA031,Classical,74.5,0.2439,714.0,1465.6,1335.9,0.0403,-253.97,154.73,-24.98,16.3,-3.86
POP188,Pop,122.6,0.3911,2321.4,2826.7,3970.6,0.1162,-103.39,92.45,-18.23,31.55,-13.43
CLA131,Classical,73.9,0.2993,866.9,1168.1,1716.6,0.031,-246.88,171.89,-18.73,19.22,-4.28
ROC024,Rock,143.7,0.4146,2218.4,2202.5,5225.7,0.1044,-112.9,94.86,-18.87,29.68,-13.93
POP111,Pop,129.9,0.4037,2819.2,2379.6,5148.7,0.1309,-97.22,73.77,-14.32,28.44,-13.06
ROC134,Rock,135.8,0.3979,2818.0,2554.4,4665.2,0.1181,-114.39,85.03,-20.8,18.13,-22.04
ROC056,Rock,157.9,0.3754,2286.3,2047.9,5148.5,0.1271,-139.29,93.05,-24.67,5.58,-21.67
HIP183,Hip-Hop,100.1,0.4162,2074.4,2348.1,5349.0,0.087,-109.29,95.28,8.49,36.35,-1.13
HIP063,Hip-Hop,95.0,0.4464,2475.7,2416.7,5033.6,0.0713,-127.6,69.56,-7.39,37.4,-1.27
CLA160,Classical,72.8,0.2097,885.3,1147.4,2469.8,0.045,-228.62,134.94,-6.51,23.88,-10.61
JAZ034,Jazz,91.7,0.3338,1800.9,1999.4,2903.4,0.0764,-212.92,121.53,22.93,17.41,4.82
JAZ115,Jazz,111.4,0.3121,1936.5,2038.1,3336.5,0.0727,-200.49,116.88,10.72,30.47,4.33
ROC155,Rock,126.0,0.4229,2006.8,2311.5,3425.4,0.0877,-123.36,92.21,-16.14,17.57,-16.94
JAZ099,Jazz,110.6,0.3601,1699.1,1687.2,3229.1,0.0916,-173.98,110.13,19.57,26.3,5.5
JAZ134,Jazz,103.8,0.3251,1835.9,1744.6,3518.5,0.0735,-153.58,104.59,8.86,17.92,2.59
POP169,Pop,114.9,0.4438,2784.1,2453.7,5982.6,0.1232,-90.33,80.6,-10.21,46.49,-9.46
HIP171,Hip-Hop,93.6,0.4304,2650.9,2273.7,5070.4,0.0789,-86.92,95.96,-12.32,42.36,-1.01
ROC050,Rock,94.4,0.3597,2305.6,2015.5,4710.0,0.1238,-92.41,91.84,-42.01,9.9,-25.24
ROC136,Rock,132.2,0.4022,2370.9,2173.1,4230.9,0.0938,-95.62,88.91,-33.72,18.36,-19.36
POP004,Pop,119.6,0.476,2269.5,2208.6,4610.6,0.078,-82.78,94.78,-7.27,37.9,-3.3
JAZ109,Jazz,128.0,0.3245,1467.2,1972.0,3635.0,0.1029,-185.58,116.53,7.0,36.3,1.22
CLA067,Classical,92.9,0.2303,829.4,1217.9,2350.4,0.0432,-228.63,141.23,-17.69,7.28,-10.64
CLA132,Classical,72.6,0.2363,1041.5,1375.7,1375.6,0.0573,-255.76,146.71,-7.47,13.17,-4.76
CLA025,Classical,88.1,0.2425,915.1,1373.3,1668.8,0.0448,-301.17,157.97,-26.33,17.04,-5.73
POP126,Pop,145.0,0.4691,2599.5,2279.1,5300.1,0.1173,-83.35,102.79,-15.88,26.36,-10.87
POP128,Pop,121.1,0.4293,2933.7,2456.9,5418.3,0.1216,-100.78,72.99,-22.15,33.45,-7.88
JAZ171,Jazz,97.4,0.3126,1843.8,2217.0,3418.8,0.0519,-158.94,107.98,9.87,30.7,1.41
HIP176,Hip-Hop,85.6,0.4365,2133.9,2326.6,4568.3,0.0798,-74.29,86.29,-0.99,38.41,-1.93
HIP094,Hip-Hop,107.4,0.4194,3066.7,2384.9,5199.2,0.121,-85.08,97.96,-13.53,41.96,-5.99
JAZ092,Jazz,111.1,0.3324,1321.2,1859.2,3378.3,0.0621,-202.3,109.69,14.4,21.38,-4.85
POP124,Pop,101.4,0.4619,2190.5,2646.7,5438.9,0.0772,-107.42,86.59,-20.58,27.75,-14.72
CLA179,Classical,75.3,0.258,1104.2,856.4,1841.8,0.0315,-194.93,163.06,-24.07,21.03,-6.71
CLA069,Classical,94.5,0.2993,860.7,1194.1,2013.9,0.0425,-273.05,121.94,-14.04,15.74,2.17
POP184,Pop,131.5,0.3905,2728.7,2357.5,4658.0,0.1462,-82.76,75.99,-17.86,39.25,-6.97
ROC159,Rock,120.9,0.4027,2417.6,2460.9,4176.1,0.0842,-79.48,99.18,-28.2,16.33,-25.06
POP160,Pop,107.8,0.3833,2223.3,2541.0,5452.6,0.1214,-126.75,87.78,-15.42,23.87,-5.42
JAZ065,Jazz,104.0,0.3765,1686.7,1576.3,3607.9,0.086,-167.02,122.52,1.17,13.81,5.87
JAZ028,Jazz,85.2,0.364,1607.5,2093.2,3020.0,0.0693,-187.11,90.66,26.84,20.18,5.53
POP144,Pop,127.0,0.4527,2676.3,2393.3,4823.1,0.111,-95.95,77.98,-22.52,46.61,-4.04
POP080,Pop,111.7,0.3971,2078.6,2235.1,5801.7,0.1202,-124.21,81.97,-7.02,37.44,-10.52
CLA113,Classical,80.8,0.2724,1160.9,1194.5,1238.3,0.0457,-242.75,164.32,-18.2,16.68,-1.44
CLA109,Classical,68.9,0.1826,970.8,1411.1,1437.2,0.0286,-281.06,156.4,-23.59,14.84,-4.05
CLA134,Classical,96.3,0.2552,1081.5,1185.9,1937.9,0.0198,-296.12,179.57,-23.99,17.58,-7.44
POP121,Pop,116.1,0.3986,2120.8,2854.5,5761.9,0.1,-107.03,77.56,-20.19,38.16,-0.38
HIP149,Hip-Hop,82.5,0.4535,2478.5,2280.8,4764.6,0.1214,-145.9,103.54,-2.53,38.83,8.85
JAZ130,Jazz,105.3,0.3395,1772.9,1762.7,3099.9,0.0609,-150.43,90.32,7.49,23.42,6.0
CLA044,Classical,82.1,0.2734,756.3,1250.0,1933.7,0.0299,-247.23,167.74,-26.9,18.03,-5.74
POP003,Pop,114.5,0.3911,2413.1,2335.0,4960.5,0.1511,-120.55,78.53,-19.42,33.08,-6.47
HIP089,Hip-Hop,92.8,0.4672,2065.4,2489.5,4718.3,0.0896,-90.38,73.91,-16.09,37.67,-7.75
JAZ179,Jazz,89.8,0.3055,1995.9,1943.6,3399.1,0.0892,-170.6,102.52,14.57,22.86,4.28
POP008,Pop,126.5,0.433,2513.9,2415.5,5249.5,0.1651,-85.26,95.35,-15.86,28.59,-5.91
POP143,Pop,140.0,0.4563,2148.5,2115.6,5701.1,0.1164,-97.87,80.1,-22.42,27.17,-7.02
HIP039,Hip-Hop,110.5,0.4949,2601.6,2141.6,4557.7,0.0823,-83.11,100.12,-6.92,52.27,-9.49
ROC188,Rock,128.4,0.3861,2282.5,1970.8,5207.8,0.0672,-118.76,101.9,-45.47,21.52,-28.53
CLA126,Classical,78.5,0.2153,1147.5,1191.2,2168.5,0.054,-243.95,104.2,-8.26,11.22,1.45
POP027,Pop,114.3,0.3975,2921.5,2343.9,5639.8,0.1204,-96.82,102.47,-18.61,39.73,-4.58
JAZ023,Jazz,113.0,0.3392,2134.8,1632.4,3325.0,0.1186,-172.63,99.56,1.55,20.8,14.67
CLA094,Classical,86.2,0.2995,852.4,1180.9,2116.4,0.0144,-258.77,140.42,-27.63,10.99,-5.23
JAZ147,Jazz,129.3,0.3018,1801.7,1783.8,3468.6,0.0588,-143.45,120.23,12.69,31.14,3.12
CLA068,Classical,81.5,0.2703,958.7,1198.4,1912.2,0.0498,-259.21,144.11,-18.36,7.88,-5.66
ROC006,Rock,139.7,0.3894,1768.2,2055.5,4826.4,0.0789,-104.54,85.82,-30.84,15.75,-10.77
CLA078,Classical,71.8,0.2176,1057.1,1305.0,2012.7,0.0341,-213.52,155.23,-30.18,15.53,0.71
JAZ013,Jazz,119.6,0.3673,1522.0,1884.1,3343.0,0.1082,-202.27,102.59,12.3,29.17,-4.06
JAZ010,Jazz,109.6,0.3676,1368.3,2074.1,3385.7,0.1058,-182.85,109.08,4.99,31.98,1.12
HIP044,Hip-Hop,92.0,0.4977,2027.6,2721.6,5137.8,0.1001,-126.55,93.68,-5.79,38.0,-4.2
CLA112,Classical,74.2,0.1558,863.7,1224.4,2116.9,0.0343,-254.73,136.24,-18.74,9.42,-9.19
HIP042,Hip-Hop,109.2,0.4757,2529.7,2609.3,5064.0,0.0902,-96.9,108.71,1.63,36.03,-8.34
POP156,Pop,116.0,0.4361,2640.0,2147.9,4641.6,0.1556,-98.45,75.3,-17.93,40.31,-6.5
JAZ086,Jazz,97.6,0.32,1536.5,1777.0,3948.1,0.0966,-171.11,102.28,2.68,29.29,3.2
JAZ138,Jazz,112.8,0.3223,1899.8,1741.5,3791.5,0.0821,-153.36,111.96,4.68,28.26,11.46
CLA122,Classical,66.5,0.2431,1416.2,1168.6,2136.2,0.0326,-263.58,154.82,-17.53,6.85,-3.99
ROC036,Rock,113.3,0.3549,2653.2,2186.8,4584.4,0.1289,-151.96,104.46,-20.17,22.19,-19.35
ROC161,Rock,114.5,0.4044,2271.8,2523.9,5045.4,0.1171,-145.68,93.51,-36.02,15.31,-19.21
CLA187,Classical,80.8,0.1807,1115.1,1043.6,1881.0,0.0608,-242.53,155.28,-8.97,8.73,-3.01
ROC099,Rock,115.1,0.3634,2279.8,2144.1,4477.0,0.1194,-110.49,79.22,-34.2,18.62,-23.56
JAZ077,Jazz,126.5,0.3699,1777.2,1912.4,3817.1,0.0604,-127.53,107.54,21.17,23.96,2.76
POP051,Pop,129.8,0.4556,2536.5,2327.8,4992.6,0.1398,-61.67,66.24,-12.19,46.77,-2.14
CLA174,Classical,70.2,0.1501,905.0,1250.6,1763.2,0.0414,-269.74,131.81,-27.16,7.08,-0.97
JAZ081,Jazz,103.0,0.3487,1822.0,1948.4,3763.3,0.0923,-214.63,99.74,22.73,12.12,6.46
HIP179,Hip-Hop,98.7,0.4416,2375.1,2146.4,4511.5,0.1265,-111.45,84.34,-7.57,46.18,-6.29
HIP110,Hip-Hop,93.6,0.4304,2204.6,2426.9,6342.0,0.0401,-95.87,118.49,-14.86,41.98,-6.67
POP170,Pop,125.0,0.3806,2762.3,2391.7,5288.7,0.1195,-96.07,90.79,-24.81,37.13,-14.58
CLA037,Classical,78.1,0.252,1106.4,1023.3,1828.7,0.0267,-323.41,137.61,-10.05,16.35,-10.57
ROC025,Rock,99.5,0.3922,2583.2,2058.9,4288.9,0.0857,-96.73,85.15,-19.9,23.09,-14.49
HIP004,Hip-Hop,102.5,0.4653,2091.5,2198.2,5474.2,0.0884,-120.68,110.52,-7.5,45.4,-4.25
CLA181,Classical,70.8,0.2019,1202.2,1292.8,1738.8,0.0568,-252.18,155.56,-40.1,21.53,-6.12
JAZ049,Jazz,87.6,0.3568,1928.9,1981.8,3932.0,0.0779,-160.85,116.48,5.55,22.98,3.5
POP118,Pop,95.1,0.4784,2249.4,2758.4,4943.4,0.1447,-65.41,80.16,-27.47,40.64,-5.94
POP150,Pop,142.4,0.3887,2617.6,2492.4,5588.0,0.0806,-65.61,88.07,-12.2,28.3,1.61
JAZ062,Jazz,115.6,0.2936,2023.1,1675.7,3677.7,0.0637,-150.76,108.37,-1.61,29.18,2.76
JAZ104,Jazz,90.9,0.2987,1989.6,2044.1,3768.5,0.0952,-182.41,116.37,17.49,28.61,-0.67
JAZ075,Jazz,111.7,0.3186,1526.1,1926.2,3518.4,0.0647,-153.99,106.76,-8.24,24.98,-1.71
